"Clearance Rate","Colors","Distance Covered In Possession","Distance Covered Not In Possession","Distance Covered","Location","Name","Team","Top Speed","% Passes Completed","Assists","Attempted Clearances","Attempts In The Area","Attempts Off-Target","Attempts On Target","Attempts On-Target From Inside The Area","Attempts On-Target From Outside The Area","Attempts Outside The Area"
"","","","","","Algeria","Cedric SI MOHAMMED","Algeria","","","","","","","","","",""
"","","","","","Algeria","Liassine CADAMURO","Algeria","","","","","","","","","",""
"","","","","","Algeria","Mohamed ZEMMAMOUCHE","Algeria","","","","","","","","","",""
"","","2.1km","4.2km","8.7km","Algeria","Riyad MAHREZ","Algeria","23.9km/h","0.55","","","1","1","0","0","0","0"
"-","","5.0km","10.0km","20.6km","Algeria","Saphir TAIDER","Algeria","25.7km/h","0.74","","0","","","","","",""
"-","Group Stage","4.3km","8.2km","18.0km","Algeria","Medhi LACEN","Algeria","26.6km/h","0.76","","0","","","","","",""
"-","Group Stage","6.8km","6.9km","18.7km","Algeria","Abdelmoumene DJABOU","Algeria","28.1km/h","0.59","1","0","3","1","3","3","0","1"
"-","","0.8km","1.5km","3.1km","Algeria","Hassan YEBDA","Algeria","29.8km/h","0.45","","0","","","","","",""
"-","Group Stage","8.7km","9.0km","24.6km","Algeria","Yacine BRAHIMI","Algeria","30.2km/h","0.73","1","0","2","1","4","1","3","3"
"0.5","","5.1km","10.0km","21.7km","Algeria","Mehdi MOSTEFA","Algeria","28.3km/h","0.6","","4","1","1","1","0","1","1"
"0.67","Knockout Round","10.8km","13.7km","35.9km","Algeria","Islam SLIMANI","Algeria","30.0km/h","0.63","1","3","7","2","7","5","2","2"
"0.67","Group Stage","10.7km","14.4km","34.3km","Algeria","Nabil BENTALEB","Algeria","31.0km/h","0.81","","3","1","1","1","1","0","1"
"0.75","Group Stage","6.3km","9.8km","22.6km","Algeria","Esseid BELKALEM","Algeria","27.0km/h","0.63","","12","1","1","0","0","0","0"
"0.75","","7.2km","8.3km","21.3km","Algeria","Djamel MESBAH","Algeria","31.8km/h","0.8","","4","0","0","1","0","1","1"
"0.8","Knockout Round","11.3km","16.6km","40.1km","Algeria","Rafik HALLICHE","Algeria","27.0km/h","0.75","0","20","2","0","2","2","0","0"
"0.84","Group Stage","9.5km","14.1km","32.6km","Algeria","Carl MEDJANI","Algeria","27.2km/h","0.69","","6","2","2","0","0","0","0"
"1","Knockout Round","3.5km","4.9km","12.4km","Algeria","Rais MBOLHI","Algeria","22.0km/h","0.42","","6","","","","","",""
"1","Group Stage","9.4km","13.7km","32.4km","Algeria","Aissa MANDI","Algeria","27.8km/h","0.72","","6","","","","","",""
"1","Group Stage","4.4km","8.2km","19.0km","Algeria","El Arabi SOUDANI","Algeria","28.3km/h","0.5","","1","","","","","",""
"1","Group Stage","6.8km","9.6km","23.4km","Algeria","Madjid BOUGUERRA","Algeria","29.1km/h","0.79","","6","1","0","1","1","0","0"
"1","Group Stage","1.3km","2.2km","5.6km","Algeria","Nabil GHILAS","Algeria","29.4km/h","0.67","","3","1","1","0","0","0","0"
"1","","5.6km","9.9km","21.7km","Algeria","Faouzi GHOULAM","Algeria","30.5km/h","0.66","","6","1","1","0","0","0","0"
"1","Knockout Round","13.4km","18.3km","45.3km","Algeria","Sofiane FEGHOULI","Algeria","31.1km/h","0.62","2","2","3","3","2","2","0","2"
"","","","","","Argentina","Agustin ORION","Argentina","","","","","","","","","",""
"","","","","","Argentina","Augusto FERNANDEZ","Argentina","","","","","","","","","",""
"","","","","","Argentina","Mariano ANDUJAR","Argentina","","","","","","","","","",""
"","","2.0km","2.0km","5.1km","Argentina","Hugo CAMPAGNARO","Argentina","23.3km/h","0.94","","","","","","","",""
"","","1.3km","1.4km","3.7km","Argentina","Ricardo ALVAREZ","Argentina","30.9km/h","0.85","","","","","","","",""
"-","","2.9km","3.1km","7.6km","Argentina","Maxi RODRIGUEZ","Argentina","25.0km/h","0.84","","0","1","1","1","1","0","1"
"-","Top 4","26.0km","18.8km","62.7km","Argentina","Lionel MESSI","Argentina","30.3km/h","0.68","1","0","7","12","10","3","7","15"
"-","Quarter Finals","13.1km","10.3km","32.0km","Argentina","Sergio AGUERO","Argentina","31.1km/h","0.52","","0","7","3","4","4","0","0"
"-","Group Stage","8.9km","10.6km","26.0km","Argentina","Enzo PEREZ","Argentina","31.2km/h","0.8","","0","0","1","0","0","0","1"
"0.5","Top 4","25.1km","19.2km","63.6km","Argentina","Gonzalo HIGUAIN","Argentina","33.1km/h","0.75","1","4","11","7","6","6","0","2"
"0.78","Knockout Round","16.0km","12.9km","41.2km","Argentina","Federico FERNANDEZ","Argentina","28.7km/h","0.87","","9","3","1","2","2","0","0"
"0.8","","4.5km","4.0km","13.0km","Argentina","Jose Maria BASANTA","Argentina","32.7km/h","0.75","","5","","","","","",""
"0.84","Semi Finals","27.9km","25.5km","72.7km","Argentina","Marcos ROJO","Argentina","31.8km/h","0.72","0","12","5","4","4","3","1","3"
"0.86","Top 4","8.3km","8.2km","24.6km","Argentina","Sergio ROMERO","Argentina","28.8km/h","0.65","","7","","","","","",""
"0.86","Top 4","26.2km","27.6km","76.1km","Argentina","Ezequiel GARAY","Argentina","31.4km/h","0.87","","21","4","4","1","1","0","1"
"0.9","Group Stage","9.4km","12.8km","31.3km","Argentina","Martin DEMICHELIS","Argentina","28.9km/h","0.86","","10","","","","","",""
"1","Top 4","14.9km","18.9km","44.7km","Argentina","Lucas BIGLIA","Argentina","27.4km/h","0.82","","2","0","0","1","0","1","1"
"1","Top 4","30.2km","28.3km","79.1km","Argentina","Pablo ZABALETA","Argentina","29.6km/h","0.78","","12","1","1","0","0","0","0"
"1","Semi Finals","18.3km","14.1km","44.4km","Argentina","Fernando GAGO","Argentina","30.3km/h","0.88","","1","0","1","1","0","1","2"
"1","Top 4","29.5km","30.7km","81.2km","Argentina","Javier MASCHERANO","Argentina","30.3km/h","0.86","","8","0","0","4","0","4","4"
"1","Quarter Finals","8.1km","8.5km","23.1km","Argentina","Rodrigo PALACIO","Argentina","31.4km/h","0.55","","2","5","3","3","3","0","1"
"1","Semi Finals","17.6km","14.8km","43.8km","Argentina","Ezequiel LAVEZZI","Argentina","31.6km/h","0.57","","2","4","0","5","4","1","1"
"1","Quarter Finals","19.6km","13.8km","45.8km","Argentina","Angel DI MARIA","Argentina","33.0km/h","0.66","0","1","9","4","21","8","13","16"
"","","","","","Australia","Bailey WRIGHT","Australia","","","","","","","","","",""
"","","","","","Australia","Dario VIDOSIC","Australia","","","","","","","","","",""
"","","","","","Australia","Eugen GALEKOVIC","Australia","","","","","","","","","",""
"","","","","","Australia","James HOLLAND","Australia","","","","","","","","","",""
"","","","","","Australia","Massimo LUONGO","Australia","","","","","","","","","",""
"","","","","","Australia","Mitch LANGERAK","Australia","","","","","","","","","",""
"","","2.3km","2.9km","6.9km","Australia","Adam TAGGART","Australia","25.8km/h","0.44","","","","","","","",""
"-","Group Stage","6.5km","8.1km","19.4km","Australia","Mark BRESCIANO","Australia","22.3km/h","0.83","","0","3","2","3","2","1","2"
"-","","1.4km","3.1km","5.8km","Australia","Ivan FRANJIC","Australia","26.1km/h","0.69","","0","","","","","",""
"-","","2.1km","3.0km","6.7km","Australia","James TROISI","Australia","27.6km/h","0.63","","0","0","1","0","0","0","1"
"-","Group Stage","11.1km","15.5km","35.4km","Australia","Mile JEDINAK","Australia","29.1km/h","0.79","0","0","1","0","2","1","1","1"
"-","","9.1km","10.9km","26.0km","Australia","Matt McKAY","Australia","30.7km/h","0.79","","0","0","1","0","0","0","1"
"-","Group Stage","10.2km","14.3km","32.8km","Australia","Mathew LECKIE","Australia","31.4km/h","0.75","","0","3","2","3","2","1","2"
"0.34","Group Stage","7.7km","10.8km","24.4km","Australia","Ryan McGOWAN","Australia","27.8km/h","0.7","","3","","","","","",""
"0.5","","5.6km","7.9km","18.5km","Australia","Tim CAHILL","Australia","25.4km/h","0.83","0","2","7","4","3","3","0","0"
"0.9","Group Stage","9.8km","14.0km","31.6km","Australia","Matthew SPIRANOVIC","Australia","26.6km/h","0.88","","10","1","1","1","1","0","1"
"1","","5.5km","6.3km","15.4km","Australia","Oliver BOZANIC","Australia","24.1km/h","0.68","","1","1","0","1","1","0","0"
"1","Group Stage","5.8km","8.1km","18.5km","Australia","Maty RYAN","Australia","26.1km/h","0.85","","4","","","","","",""
"1","Group Stage","9.0km","13.9km","30.8km","Australia","Alex WILKINSON","Australia","26.5km/h","0.83","","7","","","","","",""
"1","","3.0km","5.6km","11.3km","Australia","Mark MILLIGAN","Australia","26.7km/h","0.79","","2","0","0","1","0","1","1"
"1","Group Stage","4.5km","4.6km","12.0km","Australia","Ben HALLORAN","Australia","28.7km/h","0.5","","1","","","","","",""
"1","Group Stage","10.6km","14.7km","32.8km","Australia","Jason DAVIDSON","Australia","30.9km/h","0.67","","1","","","","","",""
"1","Group Stage","7.7km","12.2km","26.1km","Australia","Tommy OAR","Australia","31.9km/h","0.46","","1","0","2","0","0","0","2"
"","","","","","Belgium","Laurent CIMAN","Belgium","","","","","","","","","",""
"","","","","","Belgium","Sammy BOSSUT","Belgium","","","","","","","","","",""
"","","","","","Belgium","Simon MIGNOLET","Belgium","","","","","","","","","",""
"","","1.3km","1.2km","3.3km","Belgium","Thomas VERMAELEN","Belgium","23.8km/h","0.83","","","","","","","",""
"","","3.6km","4.0km","10.4km","Belgium","Anthony VANDEN BORRE","Belgium","25.6km/h","0.69","","","","","","","",""
"","Knockout Round","7.1km","5.6km","18.8km","Belgium","Romelu LUKAKU","Belgium","28.7km/h","0.62","0","","5","0","6","5","1","1"
"-","","3.2km","3.8km","10.1km","Belgium","Nicolas LOMBAERTS","Belgium","25.4km/h","0.81","","0","","","","","",""
"-","","2.0km","1.7km","5.3km","Belgium","Steven DEFOUR","Belgium","26.5km/h","0.79","","0","","","","","",""
"-","Quarter Finals","16.8km","13.2km","42.1km","Belgium","Eden HAZARD","Belgium","28.1km/h","0.75","","0","3","1","6","2","4","4"
"-","","7.0km","6.1km","18.1km","Belgium","Moussa DEMBELE","Belgium","29.4km/h","0.84","","0","0","1","0","0","0","1"
"-","Quarter Finals","11.5km","9.7km","30.4km","Belgium","Divock ORIGI","Belgium","30.7km/h","0.62","0","0","6","2","9","4","5","5"
"-","Knockout Round","18.5km","17.0km","50.3km","Belgium","Kevin DE BRUYNE","Belgium","31.0km/h","0.7","2","0","2","3","7","1","6","8"
"-","","2.1km","2.4km","6.6km","Belgium","Adnan JANUZAJ","Belgium","31.1km/h","0.54","","0","","","","","",""
"-","Knockout Round","5.4km","4.5km","13.7km","Belgium","Nacer CHADLI","Belgium","31.6km/h","0.8","","0","2","1","3","2","1","2"
"0.63","Knockout Round","16.7km","15.4km","45.7km","Belgium","Toby ALDERWEIRELD","Belgium","29.6km/h","0.7","","8","0","1","1","0","1","2"
"1","Quarter Finals","7.1km","6.6km","20.4km","Belgium","Thibaut COURTOIS","Belgium","19.3km/h","0.68","","3","","","","","",""
"1","Knockout Round","14.5km","15.6km","42.9km","Belgium","Vincent KOMPANY","Belgium","28.7km/h","0.85","","10","2","1","1","1","0","0"
"1","Knockout Round","9.9km","9.6km","27.8km","Belgium","Kevin MIRALLAS","Belgium","29.4km/h","0.65","","1","5","2","4","4","0","1"
"1","Quarter Finals","11.0km","9.5km","30.2km","Belgium","Dries MERTENS","Belgium","29.8km/h","0.5","0","1","6","5","6","3","3","5"
"1","Knockout Round","16.5km","15.9km","45.7km","Belgium","Axel WITSEL","Belgium","30.0km/h","0.9","","7","1","4","5","0","5","8"
"1","Quarter Finals","18.9km","19.5km","55.4km","Belgium","Marouane FELLAINI","Belgium","30.3km/h","0.72","0","3","6","5","2","2","0","1"
"1","Quarter Finals","16.2km","17.1km","47.2km","Belgium","Jan VERTONGHEN","Belgium","31.2km/h","0.71","0","7","5","5","5","3","2","5"
"1","Quarter Finals","17.3km","19.3km","52.7km","Belgium","Daniel VAN BUYTEN","Belgium","31.6km/h","0.84","","17","4","2","3","2","1","1"
"","","","","","Bosnia","Asmir AVDUKIC","Bosnia","","","","","","","","","",""
"","","","","","Bosnia","Jasmin FEJZIC","Bosnia","","","","","","","","","",""
"","","","","","Bosnia","Senijad IBRICIC","Bosnia","","","","","","","","","",""
"","","1.6km","1.5km","4.1km","Bosnia","Edin VISCA","Bosnia","25.2km/h","0.42","","","1","1","2","0","2","2"
"","","5.8km","5.4km","14.1km","Bosnia","Izet HAJROVIC","Bosnia","28.3km/h","0.72","","","1","1","4","1","3","4"
"","Group Stage","11.8km","9.1km","28.2km","Bosnia","Edin DZEKO","Bosnia","29.4km/h","0.68","0","","9","4","8","7","1","3"
"-","","4.2km","3.7km","9.9km","Bosnia","Haris MEDUNJANIN","Bosnia","26.3km/h","0.86","","0","0","2","0","0","0","2"
"-","Group Stage","7.7km","5.0km","18.2km","Bosnia","Vedad IBISEVIC","Bosnia","26.7km/h","0.76","0","0","4","2","3","3","0","1"
"-","Group Stage","14.4km","12.0km","34.5km","Bosnia","Miralem PJANIC","Bosnia","28.7km/h","0.84","1","0","2","1","6","2","4","5"
"-","","6.1km","6.9km","16.7km","Bosnia","Senad LULIC","Bosnia","29.4km/h","0.75","","0","1","0","2","1","1","1"
"-","","4.7km","3.0km","10.8km","Bosnia","Avdija VRSAJEVIC","Bosnia","32.1km/h","0.75","0","0","2","1","1","1","0","0"
"0.34","","7.2km","7.3km","18.2km","Bosnia","Mensur MUJDZA","Bosnia","29.6km/h","0.8","","6","","","","","",""
"0.34","Group Stage","13.4km","13.3km","34.9km","Bosnia","Muhamed BESIC","Bosnia","31.2km/h","0.87","","3","0","3","1","0","1","4"
"0.5","","1.3km","1.1km","3.7km","Bosnia","Ognjen VRANJES","Bosnia","28.0km/h","0.72","","2","","","","","",""
"0.5","","8.0km","7.7km","21.1km","Bosnia","Sead KOLASINAC","Bosnia","31.1km/h","0.86","","2","1","0","1","1","0","0"
"0.88","Group Stage","11.8km","11.5km","31.3km","Bosnia","Emir SPAHIC","Bosnia","29.6km/h","0.86","","8","","","","","",""
"0.89","","7.9km","6.7km","20.1km","Bosnia","Toni SUNJIC","Bosnia","27.9km/h","0.86","","9","","","","","",""
"1","Group Stage","5.4km","5.1km","14.8km","Bosnia","Asmir BEGOVIC","Bosnia","16.6km/h","0.77","","1","","","","","",""
"1","","2.3km","2.0km","6.0km","Bosnia","Sejad SALIHOVIC","Bosnia","25.0km/h","0.55","","1","","","","","",""
"1","","7.7km","7.1km","19.0km","Bosnia","Zvjezdan MISIMOVIC","Bosnia","25.6km/h","0.71","","1","0","2","1","0","1","3"
"1","","3.8km","2.0km","7.9km","Bosnia","Anel HADZIC","Bosnia","29.1km/h","0.78","","2","","","","","",""
"1","","3.9km","4.4km","10.9km","Bosnia","Ermin BICAKCIC","Bosnia","29.2km/h","0.67","","2","","","","","",""
"1","","6.0km","3.8km","13.5km","Bosnia","Tino Sven SUSIC","Bosnia","29.4km/h","0.75","","1","0","0","1","0","1","1"
"","","","","","Brazil","JEFFERSON","Brazil","","","","","","","","","",""
"","","","","","Brazil","VICTOR","Brazil","","","","","","","","","",""
"","Semi Finals","17.3km","13.8km","47.2km","Brazil","FRED","Brazil","27.8km/h","0.62","0","","8","2","9","6","3","3"
"","Group Stage","7.3km","5.9km","19.1km","Brazil","JO","Brazil","30.9km/h","0.64","","","3","2","1","1","0","0"
"-","","0.1km","0.4km","0.9km","Brazil","HENRIQUE","Brazil","19.7km/h","1","","0","","","","","",""
"-","Group Stage","2.9km","2.7km","8.7km","Brazil","HERNANES","Brazil","29.7km/h","0.65","","0","","","","","",""
"-","Quarter Finals","18.5km","15.9km","49.9km","Brazil","NEYMAR","Brazil","31.8km/h","0.63","1","0","8","5","13","8","5","10"
"-","Group Stage","7.5km","6.9km","19.0km","Brazil","BERNARD","Brazil","31.8km/h","0.73","","0","1","1","0","0","0","0"
"0.5","Semi Finals","18.7km","15.0km","46.9km","Brazil","PAULINHO","Brazil","28.1km/h","0.77","","2","7","2","6","6","0","1"
"0.63","Semi Finals","22.4km","22.9km","62.9km","Brazil","LUIZ GUSTAVO","Brazil","31.4km/h","0.83","","8","0","1","2","0","2","3"
"0.66","Semi Finals","15.7km","17.1km","50.7km","Brazil","Thiago SILVA","Brazil","31.6km/h","0.84","1","23","1","0","2","1","1","1"
"0.67","Quarter Finals","11.6km","12.0km","34.8km","Brazil","FERNANDINHO","Brazil","30.5km/h","0.85","0","9","3","2","2","2","0","1"
"0.75","Semi Finals","15.3km","13.2km","41.2km","Brazil","HULK","Brazil","30.3km/h","0.58","","4","9","7","8","5","3","6"
"0.84","Top 4","21.8km","21.5km","63.2km","Brazil","DAVID LUIZ","Brazil","29.1km/h","0.77","1","18","4","2","7","2","5","5"
"1","Top 4","8.2km","7.2km","26.3km","Brazil","JULIO CESAR","Brazil","24.7km/h","0.76","","3","","","","","",""
"1","","3.4km","4.1km","9.5km","Brazil","DANTE","Brazil","25.2km/h","0.89","","3","","","","","",""
"1","Top 4","26.0km","23.8km","70.6km","Brazil","OSCAR","Brazil","27.8km/h","0.68","1","6","6","3","11","4","7","8"
"1","Knockout Round","16.3km","15.3km","44.5km","Brazil","Dani ALVES","Brazil","28.9km/h","0.78","","2","0","3","2","0","2","5"
"1","","4.0km","3.2km","10.2km","Brazil","MAXWELL","Brazil","30.0km/h","0.81","","2","0","1","0","0","0","1"
"1","Group Stage","10.8km","10.3km","29.8km","Brazil","MAICON","Brazil","30.5km/h","0.81","","1","0","1","1","0","1","2"
"1","Semi Finals","21.3km","20.7km","59.7km","Brazil","MARCELO","Brazil","30.5km/h","0.77","","4","1","4","3","0","3","6"
"1","Top 4","12.1km","11.7km","32.9km","Brazil","RAMIRES","Brazil","31.1km/h","0.7","","3","2","2","4","1","3","4"
"1","Quarter Finals","7.8km","6.6km","19.5km","Brazil","WILLIAN","Brazil","31.1km/h","0.83","","1","1","1","1","1","0","1"
"","","","","","Cameroon","Fabrice OLINGA","Cameroon","","","","","","","","","",""
"","","","","","Cameroon","Loic FEUDJOU","Cameroon","","","","","","","","","",""
"","","","","","Cameroon","Sammy NDJOCK","Cameroon","","","","","","","","","",""
"","","0.3km","0.4km","1.1km","Cameroon","Jean MAKOUN","Cameroon","21.0km/h","0.75","","","","","","","",""
"","","3.8km","4.9km","12.8km","Cameroon","Alexandre SONG","Cameroon","25.8km/h","0.88","","","0","0","1","0","1","1"
"","","2.4km","2.5km","7.5km","Cameroon","Samuel ETOO","Cameroon","28.8km/h","0.7","","","1","2","0","0","0","1"
"-","","3.2km","3.9km","10.2km","Cameroon","Landry NGUEMO","Cameroon","24.1km/h","0.85","","0","0","2","0","0","0","2"
"-","Group Stage","2.0km","2.1km","6.2km","Cameroon","Pierre WEBO","Cameroon","24.3km/h","0.48","","0","2","1","1","1","0","0"
"-","","1.1km","2.1km","5.0km","Cameroon","Cedric DJEUGOUE","Cameroon","28.1km/h","0.6","","0","","","","","",""
"-","Group Stage","9.4km","12.5km","31.8km","Cameroon","Eyong ENOH","Cameroon","28.3km/h","0.8","","0","1","2","3","1","2","4"
"-","","4.3km","5.0km","14.1km","Cameroon","Vincent ABOUBAKAR","Cameroon","29.4km/h","0.74","","0","3","3","2","1","1","2"
"-","","2.8km","3.6km","9.0km","Cameroon","Henri BEDIMO","Cameroon","30.9km/h","0.84","","0","","","","","",""
"-","","2.1km","2.0km","5.9km","Cameroon","Edgar SALLI","Cameroon","31.2km/h","0.6","","0","","","","","",""
"-","","3.1km","4.1km","10.0km","Cameroon","Dany NOUNKEU","Cameroon","31.6km/h","0.76","","1","1","2","0","0","0","1"
"0.73","Group Stage","6.8km","10.1km","25.1km","Cameroon","Nicolas NKOULOU","Cameroon","31.1km/h","0.88","","11","0","1","0","0","0","1"
"0.86","Group Stage","2.7km","3.8km","10.7km","Cameroon","Charles ITANDJE","Cameroon","21.6km/h","0.6","","7","","","","","",""
"1","Group Stage","7.7km","9.4km","25.6km","Cameroon","Eric CHOUPO MOTING","Cameroon","28.1km/h","0.64","","2","1","2","3","0","3","4"
"1","","3.3km","4.9km","12.9km","Cameroon","Aurelien CHEDJOU","Cameroon","28.7km/h","0.77","","6","1","1","1","1","0","1"
"1","","3.0km","3.7km","9.7km","Cameroon","Allan NYOM","Cameroon","29.4km/h","0.74","","1","1","0","1","1","0","0"
"1","Group Stage","8.9km","12.0km","31.5km","Cameroon","Stephane MBIA","Cameroon","29.8km/h","0.8","","1","2","4","0","0","0","2"
"1","","5.2km","7.2km","18.8km","Cameroon","Benoit ASSOU EKOTTO","Cameroon","30.3km/h","0.66","","6","0","1","1","0","1","2"
"1","Group Stage","7.9km","9.6km","26.1km","Cameroon","Benjamin MOUKANDJO","Cameroon","30.7km/h","0.49","","1","2","2","2","1","1","2"
"1","","5.1km","6.7km","18.0km","Cameroon","Joel MATIP","Cameroon","30.9km/h","0.7","0","4","2","0","2","2","0","0"
"","","","","","Chile","Cristopher TOSELLI","Chile","","","","","","","","","",""
"","","","","","Chile","Esteban PAREDES","Chile","","","","","","","","","",""
"","","","","","Chile","Fabian ORELLANA","Chile","","","","","","","","","",""
"","","","","","Chile","Johnny HERRERA","Chile","","","","","","","","","",""
"","","","","","Chile","Jose FUENZALIDA","Chile","","","","","","","","","",""
"","","","","","Chile","Miiko ALBORNOZ","Chile","","","","","","","","","",""
"","","0.3km","0.5km","1.4km","Chile","Jose ROJAS","Chile","25.4km/h","","","","","","","","",""
"","Group Stage","5.1km","2.7km","11.2km","Chile","Jorge VALDIVIA","Chile","27.0km/h","0.78","0","","2","0","2","2","0","0"
"","Knockout Round","11.5km","10.7km","31.7km","Chile","Eduardo VARGAS","Chile","29.1km/h","0.72","2","","3","1","3","2","1","1"
"","","3.1km","2.5km","8.1km","Chile","Jean BEAUSEJOUR","Chile","29.1km/h","0.5","0","","0","0","1","0","1","1"
"-","","0.3km","0.5km","1.2km","Chile","Carlos CARMONA","Chile","23.4km/h","0.67","","0","","","","","",""
"-","Group Stage","10.9km","10.2km","28.6km","Chile","Arturo VIDAL","Chile","27.4km/h","0.77","","0","1","1","0","0","0","0"
"-","Group Stage","2.1km","1.7km","6.1km","Chile","Mauricio PINILLA","Chile","28.1km/h","0.5","","2","2","2","2","1","1","2"
"-","Knockout Round","14.8km","12.7km","40.0km","Chile","Alexis SANCHEZ","Chile","31.1km/h","0.61","1","0","3","3","4","3","1","4"
"0.67","Knockout Round","9.5km","7.8km","25.2km","Chile","Felipe GUTIERREZ","Chile","27.2km/h","0.76","","3","3","3","0","0","0","0"
"0.7","Knockout Round","8.0km","6.8km","23.4km","Chile","Claudio BRAVO","Chile","27.2km/h","0.68","","10","","","","","",""
"0.75","Knockout Round","16.7km","16.0km","45.9km","Chile","Eugenio MENA","Chile","30.6km/h","0.71","","8","1","1","1","1","0","1"
"0.84","Knockout Round","16.3km","15.3km","44.4km","Chile","Mauricio ISLA","Chile","28.7km/h","0.77","","6","2","1","1","1","0","0"
"0.96","Knockout Round","13.8km","13.2km","39.3km","Chile","Gary MEDEL","Chile","28.9km/h","0.91","","22","1","1","0","0","0","0"
"1","Knockout Round","20.2km","17.7km","52.2km","Chile","Marcelo DIAZ","Chile","28.0km/h","0.84","","5","0","5","1","0","1","6"
"1","Group Stage","10.8km","11.2km","31.8km","Chile","Francisco SILVA","Chile","29.1km/h","0.8","","8","","","","","",""
"1","Knockout Round","17.9km","15.9km","47.0km","Chile","Charles ARANGUIZ","Chile","29.1km/h","0.8","1","2","4","0","4","4","0","0"
"1","Knockout Round","15.4km","14.4km","43.7km","Chile","Gonzalo JARA","Chile","31.2km/h","0.82","","3","1","1","0","0","0","0"
"","","","","","Colombia","Camilo VARGAS","Colombia","","","","","","","","","",""
"","","0.9km","0.4km","2.4km","Colombia","Carlos BACCA","Colombia","22.3km/h","0.86","","","0","0","1","0","1","1"
"","Group Stage","4.0km","4.1km","12.0km","Colombia","Juan QUINTERO","Colombia","24.9km/h","0.67","0","","1","1","2","1","1","2"
"","","3.1km","3.8km","9.5km","Colombia","Eder BALANTA","Colombia","27.6km/h","0.66","","","","","","","",""
"-","","0.1km","0.1km","0.4km","Colombia","Faryd MONDRAGON","Colombia","15.0km/h","0.5","","0","","","","","",""
"-","","2.1km","2.0km","5.5km","Colombia","Carlos CARBONERO","Colombia","27.4km/h","0.57","","0","1","1","0","0","0","0"
"-","Group Stage","6.7km","8.0km","22.3km","Colombia","Fredy GUARIN","Colombia","29.1km/h","0.69","","0","0","2","0","0","0","2"
"-","Group Stage","5.2km","4.6km","15.5km","Colombia","Adrian RAMOS","Colombia","30.5km/h","0.62","","0","4","2","2","2","0","0"
"-","Quarter Finals","16.0km","15.5km","46.1km","Colombia","James RODRIGUEZ","Colombia","30.9km/h","0.69","2","0","7","1","16","6","10","10"
"0.67","Knockout Round","4.8km","6.7km","16.3km","Colombia","Alexander MEJIA","Colombia","29.4km/h","0.71","","3","","","","","",""
"0.67","Quarter Finals","13.9km","14.6km","42.0km","Colombia","Juan CUADRADO","Colombia","31.6km/h","0.69","4","3","3","4","4","3","1","5"
"0.67","Group Stage","6.6km","7.7km","20.5km","Colombia","Victor IBARBO","Colombia","32.5km/h","0.66","","3","","","","","",""
"0.72","Knockout Round","10.9km","12.4km","36.9km","Colombia","Cristian ZAPATA","Colombia","31.4km/h","0.8","","7","2","1","1","1","0","0"
"0.75","Quarter Finals","6.0km","5.8km","20.2km","Colombia","David OSPINA","Colombia","22.1km/h","0.64","","4","","","","","",""
"0.85","Knockout Round","10.9km","12.8km","37.3km","Colombia","Mario YEPES","Colombia","31.6km/h","0.81","","13","2","1","1","1","0","0"
"0.86","Quarter Finals","15.1km","15.8km","45.9km","Colombia","Pablo ARMERO","Colombia","31.9km/h","0.73","0","7","1","0","1","1","0","0"
"1","","3.0km","3.9km","9.3km","Colombia","Carlos VALDES","Colombia","25.5km/h","0.72","","2","","","","","",""
"1","Group Stage","9.4km","10.3km","28.8km","Colombia","Abel AGUILAR","Colombia","27.2km/h","0.83","","3","1","1","0","0","0","0"
"1","Group Stage","8.3km","7.1km","22.8km","Colombia","Jackson MARTINEZ","Colombia","29.6km/h","0.56","0","1","3","1","4","2","2","2"
"1","Knockout Round","11.8km","12.2km","36.5km","Colombia","Juan ZUNIGA","Colombia","30.5km/h","0.74","","3","0","1","1","0","1","2"
"1","Knockout Round","10.7km","10.1km","32.2km","Colombia","Teofilo GUTIERREZ","Colombia","30.7km/h","0.57","1","1","3","2","3","2","1","2"
"1","Knockout Round","12.4km","14.2km","38.9km","Colombia","Carlos SANCHEZ","Colombia","30.7km/h","0.78","","5","0","0","1","0","1","1"
"1","Group Stage","5.2km","6.3km","15.1km","Colombia","Santiago ARIAS","Colombia","31.4km/h","0.82","","1","0","1","1","0","1","2"
"","","","","","Costa Rica","Daniel CAMBRONERO","Costa Rica","","","","","","","","","",""
"","","","","","Costa Rica","Diego CALVO","Costa Rica","","","","","","","","","",""
"","","","","","Costa Rica","Oscar GRANADOS","Costa Rica","","","","","","","","","",""
"","","","","","Costa Rica","Patrick PEMBERTON","Costa Rica","","","","","","","","","",""
"","","","","","Costa Rica","Waylon FRANCIS","Costa Rica","","","","","","","","","",""
"","","1.1km","1.0km","3.0km","Costa Rica","Michael BARRANTES","Costa Rica","28.0km/h","0.75","","","","","","","",""
"-","","1.3km","2.4km","5.5km","Costa Rica","Dave MYRIE","Costa Rica","25.6km/h","0.7","","0","","","","","",""
"-","Knockout Round","3.7km","7.3km","16.0km","Costa Rica","Jose CUBERO","Costa Rica","27.6km/h","0.67","","0","","","","","",""
"-","Knockout Round","3.6km","4.7km","12.5km","Costa Rica","Marcos URENA","Costa Rica","30.9km/h","0.45","0","0","2","0","3","2","1","1"
"-","Quarter Finals","12.4km","14.0km","39.3km","Costa Rica","Joel CAMPBELL","Costa Rica","31.1km/h","0.67","1","0","2","4","1","1","0","3"
"0.5","","4.3km","9.0km","19.1km","Costa Rica","Johnny ACOSTA","Costa Rica","27.4km/h","0.72","","6","1","1","0","0","0","0"
"0.58","Knockout Round","11.3km","19.1km","45.2km","Costa Rica","Michael UMANA","Costa Rica","29.2km/h","0.83","","14","","","","","",""
"0.63","Quarter Finals","13.9km","18.8km","47.0km","Costa Rica","Cristian GAMBOA","Costa Rica","31.2km/h","0.63","","8","0","1","0","0","0","1"
"0.75","Quarter Finals","17.4km","24.5km","60.4km","Costa Rica","Celso BORGES","Costa Rica","28.5km/h","0.81","","8","1","2","2","0","2","3"
"0.77","Quarter Finals","13.9km","22.9km","54.4km","Costa Rica","Giancarlo GONZALEZ","Costa Rica","30.5km/h","0.75","","17","5","5","0","0","0","0"
"0.89","Quarter Finals","15.4km","22.7km","56.2km","Costa Rica","Junior DIAZ","Costa Rica","33.8km/h","0.65","","9","","","","","",""
"1","Quarter Finals","6.5km","9.6km","24.7km","Costa Rica","Keylor NAVAS","Costa Rica","24.1km/h","0.56","","5","","","","","",""
"1","Group Stage","3.8km","5.0km","12.9km","Costa Rica","Randall BRENES","Costa Rica","26.9km/h","0.68","","1","2","2","1","1","0","1"
"1","","2.8km","3.9km","9.7km","Costa Rica","Roy MILLER","Costa Rica","28.5km/h","0.58","","1","","","","","",""
"1","Knockout Round","10.4km","14.3km","37.2km","Costa Rica","Oscar DUARTE","Costa Rica","29.1km/h","0.82","0","1","3","1","2","2","0","0"
"1","Quarter Finals","16.8km","21.6km","57.4km","Costa Rica","Bryan RUIZ","Costa Rica","29.6km/h","0.78","0","4","2","2","3","1","2","3"
"1","Quarter Finals","14.6km","20.5km","50.0km","Costa Rica","Yeltsin TEJEDA","Costa Rica","31.2km/h","0.78","","5","","","","","",""
"1","Quarter Finals","14.2km","17.1km","46.0km","Costa Rica","Christian BOLANOS","Costa Rica","32.3km/h","0.61","","2","4","2","6","3","3","4"
"","","","","","Côte d'Ivoire","Jean Daniel AKPA","Côte d'Ivoire","","","","","","","","","",""
"","","","","","Côte d'Ivoire","Ousmane DIARRASSOUBA","Côte d'Ivoire","","","","","","","","","",""
"","","","","","Côte d'Ivoire","Sayouba MANDE","Côte d'Ivoire","","","","","","","","","",""
"","","","","","Côte d'Ivoire","Sylvain GBOHOUO","Côte d'Ivoire","","","","","","","","","",""
"","","0.7km","0.7km","2.0km","Côte d'Ivoire","Constant DJAKPA","Côte d'Ivoire","24.3km/h","0.82","","","","","","","",""
"","","0.7km","0.6km","2.0km","Côte d'Ivoire","Konan YA","Côte d'Ivoire","26.7km/h","1","","","","","","","",""
"","","0.4km","0.5km","1.6km","Côte d'Ivoire","Ismael DIOMANDE","Côte d'Ivoire","26.8km/h","0.67","","","","","","","",""
"","","1.2km","0.9km","2.9km","Côte d'Ivoire","Mathis BOLLY","Côte d'Ivoire","27.2km/h","1","","","1","1","0","0","0","0"
"","","3.1km","2.6km","7.7km","Côte d'Ivoire","Max GRADEL","Côte d'Ivoire","28.0km/h","0.58","","","0","0","1","0","1","1"
"-","Group Stage","9.1km","6.6km","22.7km","Côte d'Ivoire","Salomon KALOU","Côte d'Ivoire","29.8km/h","0.6","","0","3","4","3","2","2","4"
"-","","0.3km","0.3km","1.2km","Côte d'Ivoire","Giovanni SIO","Côte d'Ivoire","30.2km/h","0.5","","0","1","0","1","1","0","0"
"-","Group Stage","12.2km","8.9km","29.6km","Côte d'Ivoire","Yaya TOURE","Côte d'Ivoire","30.7km/h","0.79","","0","3","3","6","3","3","6"
"-","Group Stage","10.3km","7.8km","26.1km","Côte d'Ivoire","GERVINHO","Côte d'Ivoire","32.3km/h","0.72","1","0","5","0","6","5","1","1"
"0.5","Group Stage","9.3km","8.4km","24.5km","Côte d'Ivoire","Arthur BOKA","Côte d'Ivoire","30.0km/h","0.79","","2","0","1","3","0","4","4"
"0.67","","2.7km","2.9km","8.3km","Côte d'Ivoire","Kolo TOURE","Côte d'Ivoire","28.3km/h","0.82","","6","0","1","0","0","0","1"
"0.75","Group Stage","2.1km","2.3km","7.2km","Côte d'Ivoire","Boubacar BARRY","Côte d'Ivoire","28.1km/h","0.73","","4","","","","","",""
"0.75","Group Stage","5.3km","4.1km","14.5km","Côte d'Ivoire","Didier DROGBA","Côte d'Ivoire","30.2km/h","0.45","","4","1","1","2","0","2","2"
"0.75","Group Stage","10.5km","9.3km","28.8km","Côte d'Ivoire","Serge AURIER","Côte d'Ivoire","33.5km/h","0.73","","4","2","0","3","2","1","1"
"0.89","Group Stage","8.8km","8.3km","24.8km","Côte d'Ivoire","Souleymane BAMBA","Côte d'Ivoire","31.0km/h","0.89","","9","1","1","0","0","0","0"
"0.92","","6.2km","5.4km","16.0km","Côte d'Ivoire","Didier ZOKORA","Côte d'Ivoire","30.3km/h","0.92","","12","","","","","",""
"1","Group Stage","6.6km","4.9km","17.0km","Côte d'Ivoire","Wilfried BONY","Côte d'Ivoire","27.0km/h","0.7","0","3","5","4","2","2","0","1"
"1","Group Stage","10.6km","9.1km","27.4km","Côte d'Ivoire","Ismael TIOTE","Côte d'Ivoire","29.8km/h","0.84","","2","0","1","2","0","2","3"
"1","Group Stage","8.4km","8.0km","22.9km","Côte d'Ivoire","Die SEREY","Côte d'Ivoire","30.7km/h","0.94","","2","0","0","1","0","1","1"
"","","","","","Croatia","Danijel SUBASIC","Croatia","","","","","","","","","",""
"","","","","","Croatia","Domagoj VIDA","Croatia","","","","","","","","","",""
"","","","","","Croatia","Gordon SCHILDENFELD","Croatia","","","","","","","","","",""
"","","","","","Croatia","Milan BADELJ","Croatia","","","","","","","","","",""
"","","","","","Croatia","Ognjen VUKOJEVIC","Croatia","","","","","","","","","",""
"","","","","","Croatia","Oliver ZELENIKA","Croatia","","","","","","","","","",""
"","Group Stage","2.2km","1.8km","5.9km","Croatia","Ante REBIC","Croatia","29.8km/h","0.6","","","2","0","2","2","0","0"
"-","","3.5km","4.4km","11.5km","Croatia","Nikica JELAVIC","Croatia","27.4km/h","0.46","","0","1","0","1","1","0","0"
"-","","1.6km","1.5km","4.4km","Croatia","Marcelo BROZOVIC","Croatia","28.3km/h","0.62","","0","1","1","1","1","0","1"
"-","Group Stage","4.6km","5.3km","14.0km","Croatia","Mateo KOVACIC","Croatia","29.0km/h","0.8","","0","1","1","0","0","0","0"
"-","","1.1km","0.7km","2.8km","Croatia","EDUARDO","Croatia","29.1km/h","0.89","","0","1","0","1","1","0","0"
"-","","2.9km","2.4km","8.2km","Croatia","SAMMIR","Croatia","30.9km/h","0.77","","0","1","1","1","0","1","1"
"1","Group Stage","3.0km","3.2km","9.8km","Croatia","Stipe PLETIKOSA","Croatia","17.0km/h","0.71","","2","","","","","",""
"1","Group Stage","9.9km","10.0km","28.9km","Croatia","Luka MODRIC","Croatia","27.9km/h","0.85","","4","0","0","2","0","2","2"
"1","","6.4km","5.6km","18.1km","Croatia","Danijel PRANJIC","Croatia","27.9km/h","0.75","","3","1","1","1","1","0","1"
"1","Group Stage","8.3km","9.3km","26.3km","Croatia","Vedran CORLUKA","Croatia","28.3km/h","0.86","","9","1","1","0","0","0","0"
"1","Group Stage","11.1km","11.2km","31.8km","Croatia","Ivan RAKITIC","Croatia","29.6km/h","0.83","","1","1","1","1","0","1","1"
"1","","5.7km","6.9km","17.7km","Croatia","Sime VRSALJKO","Croatia","29.6km/h","0.69","","3","","","","","",""
"1","Group Stage","9.2km","9.7km","28.6km","Croatia","Ivica OLIC","Croatia","29.8km/h","0.52","0","1","4","2","3","3","0","1"
"1","","6.3km","5.7km","19.3km","Croatia","Mario MANDZUKIC","Croatia","30.2km/h","0.57","0","2","3","2","2","2","0","1"
"1","Group Stage","8.7km","9.3km","27.4km","Croatia","Dejan LOVREN","Croatia","31.8km/h","0.86","","4","1","1","0","0","0","0"
"1","Group Stage","9.7km","9.6km","29.2km","Croatia","Ivan PERISIC","Croatia","31.8km/h","0.6","1","4","8","5","6","5","1","3"
"1","Group Stage","10.1km","11.1km","30.7km","Croatia","Darijo SRNA","Croatia","33.0km/h","0.64","","2","2","2","2","2","0","2"
"","","","","","Ecuador","Adrian BONE","Ecuador","","","","","","","","","",""
"","","","","","Ecuador","Fidel MARTINEZ","Ecuador","","","","","","","","","",""
"","","","","","Ecuador","Jaimen AYOVI","Ecuador","","","","","","","","","",""
"","","","","","Ecuador","Luis SARITAMA","Ecuador","","","","","","","","","",""
"","","","","","Ecuador","Maximo BANGUERA","Ecuador","","","","","","","","","",""
"","","","","","Ecuador","Oscar BAGUI","Ecuador","","","","","","","","","",""
"","","0.4km","0.5km","1.4km","Ecuador","Edison MENDEZ","Ecuador","20.5km/h","0.5","","","","","","","",""
"","","0.5km","0.7km","1.8km","Ecuador","Gabriel ACHILIER","Ecuador","22.7km/h","","","","","","","","",""
"","","0.6km","1.0km","2.1km","Ecuador","Joao ROJAS","Ecuador","25.9km/h","0.67","","","","","","","",""
"-","","0.9km","1.5km","3.6km","Ecuador","Alex IBARRA","Ecuador","27.1km/h","0.5","","0","1","0","2","1","1","1"
"-","","3.8km","5.2km","12.9km","Ecuador","Michael ARROYO","Ecuador","30.5km/h","0.66","","0","1","2","1","0","1","2"
"-","Group Stage","7.8km","8.4km","23.4km","Ecuador","Jefferson MONTERO","Ecuador","30.9km/h","0.61","","0","1","0","2","1","1","1"
"-","Group Stage","5.2km","4.9km","14.8km","Ecuador","Felipe CAICEDO","Ecuador","31.1km/h","0.58","","0","1","0","1","1","0","0"
"0.67","Group Stage","8.4km","11.2km","27.7km","Ecuador","Walter AYOVI","Ecuador","30.3km/h","0.77","","6","0","2","1","0","1","3"
"0.88","Group Stage","8.0km","10.9km","27.1km","Ecuador","Frickson ERAZO","Ecuador","27.2km/h","0.65","","8","2","2","0","0","0","0"
"1","Group Stage","2.6km","3.3km","9.6km","Ecuador","Alexander DOMINGUEZ","Ecuador","21.0km/h","0.6","","2","","","","","",""
"1","","6.3km","8.5km","20.6km","Ecuador","Oswaldo MINDA","Ecuador","26.1km/h","0.78","","1","","","","","",""
"1","Group Stage","10.1km","13.0km","32.0km","Ecuador","Cristhian NOBOA","Ecuador","27.4km/h","0.67","","4","1","1","4","0","4","4"
"1","Group Stage","7.4km","10.2km","25.2km","Ecuador","Jorge GUAGUA","Ecuador","27.8km/h","0.65","","9","","","","","",""
"1","Group Stage","8.7km","9.9km","26.3km","Ecuador","Antonio VALENCIA","Ecuador","29.8km/h","0.71","","1","1","0","2","1","1","1"
"1","Group Stage","8.8km","9.4km","27.0km","Ecuador","Enner VALENCIA","Ecuador","30.2km/h","0.57","0","2","6","3","5","4","1","2"
"1","Group Stage","9.3km","11.7km","29.0km","Ecuador","Juan PAREDES","Ecuador","31.2km/h","0.76","","4","","","","","",""
"","","","","","England","Alex OXLADE CHAMBERLAIN","England","","","","","","","","","",""
"","","","","","England","Fraser FORSTER","England","","","","","","","","","",""
"","","0.3km","0.2km","0.8km","England","Rickie LAMBERT","England","16.9km/h","","","","","","","","",""
"","","6.9km","6.7km","18.1km","England","Jordan HENDERSON","England","27.4km/h","0.87","","","0","0","3","0","3","3"
"","","8.0km","7.3km","20.6km","England","Glen JOHNSON","England","29.4km/h","0.78","","","0","2","0","0","0","2"
"-","","1.5km","1.4km","4.2km","England","Ben FOSTER","England","21.1km/h","0.79","","0","","","","","",""
"-","","4.2km","3.6km","10.9km","England","Frank LAMPARD","England","23.5km/h","0.82","","0","0","0","1","0","1","1"
"-","","4.6km","3.5km","10.9km","England","Jack WILSHERE","England","27.8km/h","0.76","","0","","","","","",""
"-","","3.3km","2.9km","8.8km","England","James MILNER","England","28.0km/h","0.62","","0","","","","","",""
"-","","3.5km","3.2km","9.7km","England","Chris SMALLING","England","28.5km/h","0.78","","0","","","","","",""
"-","Group Stage","11.0km","8.2km","26.9km","England","Daniel STURRIDGE","England","29.9km/h","0.68","0","0","6","6","6","4","2","6"
"-","Group Stage","7.2km","5.5km","18.4km","England","Ross BARKLEY","England","30.2km/h","0.77","","1","2","1","1","1","0","0"
"-","Group Stage","9.7km","7.9km","23.7km","England","Wayne ROONEY","England","30.7km/h","0.73","1","0","4","5","4","2","2","5"
"-","Group Stage","5.0km","3.8km","12.3km","England","Adam LALLANA","England","31.2km/h","0.67","","0","","","","","",""
"0.5","Group Stage","9.1km","8.7km","24.0km","England","Steven GERRARD","England","27.8km/h","0.8","","2","0","2","0","0","0","2"
"0.5","","7.4km","6.7km","19.2km","England","Leighton BAINES","England","29.8km/h","0.8","","4","0","0","1","0","1","1"
"0.84","Group Stage","10.7km","10.3km","29.9km","England","Gary CAHILL","England","29.4km/h","0.87","","12","","","","","",""
"1","","2.8km","2.8km","8.1km","England","Joe HART","England","24.1km/h","0.85","","2","","","","","",""
"1","","3.4km","3.2km","9.6km","England","Phil JONES","England","26.7km/h","0.66","","2","","","","","",""
"1","","5.7km","4.9km","14.4km","England","Danny WELBECK","England","28.7km/h","0.74","","1","0","1","0","0","0","1"
"1","","6.5km","6.7km","18.2km","England","Phil JAGIELKA","England","29.2km/h","0.89","","6","1","1","0","0","0","0"
"1","Group Stage","8.1km","7.3km","20.9km","England","Raheem STERLING","England","30.7km/h","0.69","","1","1","2","2","1","1","3"
"","","","","","France","Eliaquim MANGALA","France","","","","","","","","","",""
"","","","","","France","Remy CABELLA","France","","","","","","","","","",""
"","","","","","France","Stephane RUFFIER","France","","","","","","","","","",""
"","","1.5km","1.0km","3.3km","France","Antonio MAVUBA","France","23.6km/h","0.93","","","","","","","",""
"","Quarter Finals","15.1km","10.8km","35.6km","France","Antoine GRIEZMANN","France","29.4km/h","0.72","","","5","3","4","4","0","2"
"","","4.9km","3.4km","11.2km","France","Lucas DIGNE","France","29.4km/h","0.74","","","","","","","",""
"","","1.8km","1.5km","4.7km","France","Loic REMY","France","30.1km/h","0.76","","","1","0","1","1","0","0"
"-","","4.9km","3.9km","12.2km","France","Morgan SCHNEIDERLIN","France","28.7km/h","0.89","","0","0","1","0","0","0","1"
"-","Knockout Round","14.9km","12.3km","38.1km","France","Mathieu VALBUENA","France","29.4km/h","0.71","1","0","6","2","6","4","2","2"
"-","Knockout Round","9.9km","8.9km","25.8km","France","Moussa SISSOKO","France","32.3km/h","0.79","0","0","2","1","2","2","0","1"
"0.5","Quarter Finals","15.2km","14.2km","41.2km","France","Paul POGBA","France","30.5km/h","0.8","1","2","4","3","7","3","4","6"
"0.6","Knockout Round","12.7km","13.9km","36.5km","France","Yohan CABAYE","France","28.0km/h","0.86","","5","1","5","0","0","0","4"
"0.6","Quarter Finals","7.5km","6.8km","20.4km","France","Olivier GIROUD","France","28.9km/h","0.58","1","5","3","4","3","2","1","4"
"0.72","Knockout Round","9.9km","9.6km","28.0km","France","Mamadou SAKHO","France","29.2km/h","0.9","","7","1","1","0","0","0","0"
"0.75","Knockout Round","14.3km","14.5km","39.9km","France","Mathieu DEBUCHY","France","29.4km/h","0.75","","4","3","2","2","1","1","1"
"0.88","Quarter Finals","13.6km","14.7km","41.3km","France","Raphael VARANE","France","32.3km/h","0.87","","8","1","0","1","1","0","0"
"1","Quarter Finals","8.2km","7.6km","23.3km","France","Hugo LLORIS","France","25.3km/h","0.77","","3","","","","","",""
"1","","4.3km","3.2km","10.4km","France","Bacary SAGNA","France","27.6km/h","0.77","","1","","","","","",""
"1","Quarter Finals","18.1km","14.8km","47.4km","France","Karim BENZEMA","France","29.1km/h","0.77","2","1","25","7","25","21","4","7"
"1","Knockout Round","12.6km","12.9km","36.3km","France","Patrice EVRA","France","29.2km/h","0.72","","3","1","1","0","0","0","0"
"1","Knockout Round","7.2km","8.2km","22.8km","France","Laurent KOSCIELNY","France","30.3km/h","0.81","","8","1","0","1","1","0","0"
"1","Quarter Finals","18.8km","17.5km","50.1km","France","Blaise MATUIDI","France","31.2km/h","0.83","0","2","5","3","5","3","2","3"
"","","","","","Germany","Erik DURM","Germany","","","","","","","","","",""
"","","","","","Germany","Kevin GROSSKREUTZ","Germany","","","","","","","","","",""
"","","","","","Germany","Matthias GINTER","Germany","","","","","","","","","",""
"","","","","","Germany","Roman WEIDENFELLER","Germany","","","","","","","","","",""
"","","","","","Germany","Ron-Robert ZIELER","Germany","","","","","","","","","",""
"","","1.1km","0.6km","2.3km","Germany","Julian DRAXLER","Germany","27.7km/h","1","","","","","","","",""
"-","","2.8km","2.4km","6.6km","Germany","Lukas PODOLSKI","Germany","24.1km/h","0.83","","0","2","2","0","0","0","0"
"-","Quarter Finals","12.3km","9.8km","30.6km","Germany","Miroslav KLOSE","Germany","29.0km/h","0.53","0","1","5","2","5","4","1","2"
"-","Semi Finals","11.5km","9.3km","28.6km","Germany","Andre SCHUERRLE","Germany","30.2km/h","0.66","1","0","11","2","13","11","2","4"
"-","Top 4","31.6km","23.6km","73.2km","Germany","Mesut OEZIL","Germany","32.0km/h","0.79","1","0","8","3","7","6","1","2"
"0.5","Semi Finals","16.3km","11.8km","36.3km","Germany","Mario GOETZE","Germany","29.2km/h","0.73","0","2","7","2","7","5","2","2"
"0.5","Top 4","34.3km","28.0km","82.6km","Germany","Toni KROOS","Germany","29.8km/h","0.85","4","2","2","5","11","2","9","14"
"0.63","Quarter Finals","18.6km","17.2km","47.4km","Germany","Sami KHEDIRA","Germany","29.8km/h","0.88","1","8","2","1","3","2","1","2"
"0.8","Semi Finals","21.1km","20.1km","55.7km","Germany","Mats HUMMELS","Germany","32.3km/h","0.81","0","10","3","0","3","3","0","0"
"0.84","Semi Finals","17.0km","14.7km","44.6km","Germany","Per MERTESACKER","Germany","28.1km/h","0.91","","18","","","","","",""
"0.86","Top 4","34.6km","27.2km","81.0km","Germany","Philipp LAHM","Germany","28.7km/h","0.86","","7","2","0","3","2","1","1"
"0.88","Top 4","32.1km","27.2km","80.4km","Germany","Benedikt HOEWEDES","Germany","30.5km/h","0.79","","16","3","1","3","2","1","1"
"0.89","Top 4","13.7km","12.8km","38.5km","Germany","Manuel NEUER","Germany","30.9km/h","0.82","","9","","","","","",""
"0.95","Top 4","27.4km","24.3km","70.2km","Germany","Jerome BOATENG","Germany","31.1km/h","0.82","","18","0","0","1","0","1","1"
"1","Semi Finals","26.1km","20.4km","63.2km","Germany","Bastian SCHWEINSTEIGER","Germany","29.2km/h","0.88","","9","3","3","3","1","2","3"
"1","Top 4","34.5km","26.4km","84.0km","Germany","Thomas MUELLER","Germany","30.5km/h","0.69","3","3","12","6","10","7","3","4"
"1","Group Stage","6.4km","4.2km","14.6km","Germany","Shkodran MUSTAFI","Germany","32.9km/h","0.8","","1","1","0","1","1","0","0"
"","","","","","Ghana","Rashid SUMAILA","Ghana","","","","","","","","","",""
"","","","","","Ghana","Samuel INKOOM","Ghana","","","","","","","","","",""
"","","","","","Ghana","Stephen ADAMS","Ghana","","","","","","","","","",""
"","","0.9km","0.6km","2.2km","Ghana","Albert ADOMAH","Ghana","26.5km/h","0.67","","","","","","","",""
"","","7.2km","9.5km","22.0km","Ghana","Harrison AFFUL","Ghana","29.9km/h","0.67","","","","","","","",""
"","","3.8km","3.9km","10.3km","Ghana","Kevin Prince BOATENG","Ghana","30.9km/h","0.72","","","1","3","0","0","0","2"
"","Group Stage","10.3km","9.1km","28.2km","Ghana","Asamoah GYAN","Ghana","32.3km/h","0.54","1","","12","11","7","6","1","6"
"-","","1.5km","1.2km","4.4km","Ghana","Adam KWARASEY","Ghana","16.9km/h","0.81","","0","","","","","",""
"-","","1.2km","1.8km","4.4km","Ghana","Mubarak WAKASO","Ghana","25.2km/h","0.73","","0","0","2","0","0","0","2"
"-","","1.1km","0.8km","2.7km","Ghana","Michael ESSIEN","Ghana","26.3km/h","0.84","","0","1","0","1","1","0","0"
"-","","0.7km","1.1km","2.5km","Ghana","Acquah AFRIYIE","Ghana","28.5km/h","0.78","","0","","","","","",""
"-","","3.8km","2.9km","9.7km","Ghana","Daniel OPARE","Ghana","28.5km/h","0.65","","0","","","","","",""
"-","Group Stage","9.8km","11.6km","29.4km","Ghana","Mohammed RABIU","Ghana","29.1km/h","0.78","","1","","","","","",""
"-","","2.8km","2.9km","8.1km","Ghana","Majeed WARIS","Ghana","30.3km/h","0.54","","0","1","1","0","0","0","0"
"-","Group Stage","11.4km","10.5km","30.5km","Ghana","Andre AYEW","Ghana","31.0km/h","0.73","0","0","5","1","4","4","0","0"
"-","Group Stage","5.6km","4.9km","15.8km","Ghana","Jordan AYEW","Ghana","31.2km/h","0.76","","0","3","0","5","3","2","2"
"0.67","","2.5km","3.3km","8.4km","Ghana","Fatawu DAUDA","Ghana","23.9km/h","0.55","","3","","","","","",""
"0.84","Group Stage","9.7km","11.2km","29.7km","Ghana","Jonathan MENSAH","Ghana","28.5km/h","0.83","","6","2","3","0","0","0","1"
"0.86","Group Stage","9.4km","11.4km","29.3km","Ghana","John BOYE","Ghana","30.2km/h","0.82","","7","1","2","0","0","0","1"
"1","","8.0km","8.4km","22.5km","Ghana","Sulley MUNTARI","Ghana","26.3km/h","0.71","","1","0","4","1","0","1","5"
"1","Group Stage","10.8km","10.5km","29.6km","Ghana","Christian ATSU","Ghana","30.3km/h","0.66","","1","1","5","4","0","4","8"
"1","","4.3km","5.6km","13.6km","Ghana","Emmanuel BADU","Ghana","30.5km/h","0.86","","1","0","2","0","0","0","2"
"1","Group Stage","10.3km","10.9km","29.6km","Ghana","Kwadwo ASAMOAH","Ghana","30.9km/h","0.79","","5","0","1","2","0","2","3"
"","","","","","Greece","Alexandros TZIOLIS","Greece","","","","","","","","","",""
"","","","","","Greece","Georgios TZAVELAS","Greece","","","","","","","","","",""
"","","","","","Greece","Loukas VYNTRA","Greece","","","","","","","","","",""
"","","","","","Greece","Panagiotis TACHTSIDIS","Greece","","","","","","","","","",""
"","","","","","Greece","Stefanos KAPINO","Greece","","","","","","","","","",""
"","","","","","Greece","Vangelis MORAS","Greece","","","","","","","","","",""
"","Knockout Round","7.2km","6.0km","19.9km","Greece","Theofanis GEKAS","Greece","28.3km/h","0.67","","","5","3","2","2","0","0"
"","Group Stage","4.8km","4.4km","13.4km","Greece","Konstantinos MITROGLOU","Greece","28.8km/h","0.77","","","3","1","4","3","1","2"
"-","Knockout Round","6.0km","5.0km","18.7km","Greece","Orestis KARNEZIS","Greece","21.8km/h","0.72","","0","","","","","",""
"-","","8.1km","6.9km","21.9km","Greece","Lazaros CHRISTODOULOPOULOS","Greece","28.9km/h","0.77","","0","4","8","1","1","0","5"
"-","","2.8km","3.7km","9.0km","Greece","Ioannis FETFATZIDIS","Greece","29.1km/h","0.68","","0","","","","","",""
"-","Knockout Round","8.8km","9.0km","26.4km","Greece","Dimitrios SALPINGIDIS","Greece","30.7km/h","0.6","","0","1","0","3","1","2","2"
"-","Knockout Round","14.0km","13.5km","41.1km","Greece","Georgios SAMARAS","Greece","31.0km/h","0.69","1","0","6","4","3","3","0","1"
"0.2","Knockout Round","11.9km","15.5km","39.4km","Greece","Ioannis MANIATIS","Greece","30.2km/h","0.81","","5","0","0","2","0","2","2"
"0.5","Knockout Round","9.5km","11.2km","31.0km","Greece","Georgios KARAGOUNIS","Greece","24.9km/h","0.83","","2","0","2","5","0","5","7"
"0.67","","5.1km","6.2km","16.5km","Greece","Andreas SAMARIS","Greece","28.7km/h","0.84","0","3","1","0","3","1","2","2"
"0.82","Knockout Round","10.2km","12.9km","35.7km","Greece","Konstantinos MANOLAS","Greece","30.5km/h","0.84","","11","1","1","0","0","0","0"
"0.86","Knockout Round","13.2km","14.3km","40.9km","Greece","Vasileios TOROSIDIS","Greece","29.8km/h","0.66","","7","3","4","1","1","0","2"
"0.86","Knockout Round","13.1km","14.4km","41.3km","Greece","Jose CHOLEVAS","Greece","30.5km/h","0.73","","7","1","1","2","1","1","2"
"0.86","Knockout Round","11.3km","13.1km","37.4km","Greece","Sokratis PAPASTATHOPOULOS","Greece","31.0km/h","0.8","0","14","2","1","1","1","0","0"
"1","","1.1km","1.0km","3.7km","Greece","Panagiotis GLYKOS","Greece","23.2km/h","0.65","","1","","","","","",""
"1","Group Stage","7.0km","6.9km","20.1km","Greece","Konstantinos KATSOURANIS","Greece","30.0km/h","0.79","","2","1","0","1","1","0","0"
"1","Group Stage","6.6km","7.3km","20.2km","Greece","Panagiotis KONE","Greece","30.3km/h","0.59","","1","1","3","2","0","2","4"
"","","","","","Honduras","Donis ESCOBER","Honduras","","","","","","","","","",""
"","","","","","Honduras","Edder DELGADO","Honduras","","","","","","","","","",""
"","","","","","Honduras","Juan MONTES","Honduras","","","","","","","","","",""
"","","","","","Honduras","Luis LOPEZ","Honduras","","","","","","","","","",""
"","","","","","Honduras","Rony MARTINEZ","Honduras","","","","","","","","","",""
"","","0.9km","0.6km","2.2km","Honduras","Mario MARTINEZ","Honduras","25.2km/h","0.79","","","0","0","2","0","2","2"
"","","2.5km","1.7km","5.7km","Honduras","Jerry PALACIOS","Honduras","27.4km/h","0.8","","","1","1","0","0","0","0"
"","","2.2km","1.8km","5.5km","Honduras","Marvin CHAVEZ","Honduras","28.5km/h","0.61","","","","","","","",""
"","","2.7km","3.7km","8.4km","Honduras","Andy NAJAR","Honduras","31.6km/h","0.65","","","1","0","1","1","0","0"
"-","","0.9km","2.4km","4.5km","Honduras","Osman CHAVEZ","Honduras","26.4km/h","1","","0","","","","","",""
"-","","5.3km","9.6km","20.1km","Honduras","Luis GARRIDO","Honduras","29.4km/h","0.76","","0","","","","","",""
"0.5","","5.7km","4.5km","13.9km","Honduras","Juan Carlos GARCIA","Honduras","31.1km/h","0.8","","2","0","1","0","0","0","1"
"0.75","Group Stage","6.3km","7.6km","20.1km","Honduras","Victor BERNARDEZ","Honduras","28.7km/h","0.75","","4","1","1","1","0","1","1"
"0.75","Group Stage","8.0km","7.4km","22.2km","Honduras","Jerry BENGTSON","Honduras","30.2km/h","0.75","","4","2","1","3","2","1","2"
"0.8","Group Stage","8.2km","10.6km","26.3km","Honduras","Maynor FIGUEROA","Honduras","31.6km/h","0.73","","5","1","4","1","0","1","4"
"1","Group Stage","2.7km","3.4km","10.0km","Honduras","Noel VALLADARES","Honduras","15.0km/h","0.76","","3","","","","","",""
"1","","4.6km","4.9km","12.5km","Honduras","Wilson PALACIOS","Honduras","25.8km/h","0.88","","2","0","1","1","0","1","2"
"1","Group Stage","8.2km","10.4km","25.7km","Honduras","Roger ESPINOZA","Honduras","27.9km/h","0.76","","2","0","1","3","0","3","4"
"1","Group Stage","10.0km","11.6km","29.7km","Honduras","Brayan BECKELES","Honduras","28.8km/h","0.75","","3","1","3","1","0","1","3"
"1","Group Stage","7.6km","8.0km","21.4km","Honduras","Boniek GARCIA","Honduras","29.0km/h","0.71","","1","1","0","2","1","1","1"
"1","","3.6km","6.5km","13.9km","Honduras","Emilio IZAGUIRRE","Honduras","29.1km/h","0.7","","7","","","","","",""
"1","Group Stage","8.4km","9.3km","23.9km","Honduras","Jorge CLAROS","Honduras","29.8km/h","0.88","","1","0","1","1","0","1","2"
"1","Group Stage","7.1km","8.5km","22.3km","Honduras","Carlo COSTLY","Honduras","30.3km/h","0.56","0","1","2","2","1","1","0","1"
"","","","","","Iran","Ahmad ALNAMEH","Iran","","","","","","","","","",""
"","","","","","Iran","Bakhtiar RAHMANI","Iran","","","","","","","","","",""
"","","","","","Iran","Daniel DAVARI","Iran","","","","","","","","","",""
"","","","","","Iran","Ghasem HADADIFAR","Iran","","","","","","","","","",""
"","","","","","Iran","Hashem BEIKZADEH","Iran","","","","","","","","","",""
"","","","","","Iran","Hossein MAHINI","Iran","","","","","","","","","",""
"","","","","","Iran","Rahman AHMADI","Iran","","","","","","","","","",""
"","","","","","Iran","Steven BEITASHOUR","Iran","","","","","","","","","",""
"","","0.2km","0.5km","0.9km","Iran","Reza HAGHIGHI","Iran","20.1km/h","0.67","","","","","","","",""
"","","0.9km","1.2km","3.0km","Iran","Karim ANSARI FARD","Iran","24.9km/h","1","","","","","","","",""
"-","Group Stage","2.0km","2.9km","7.3km","Iran","Alireza JAHAN BAKHSH","Iran","30.0km/h","0.56","","0","0","0","1","0","1","1"
"-","Group Stage","6.3km","11.3km","25.4km","Iran","Ashkan DEJAGAH","Iran","30.9km/h","0.45","","0","1","0","1","1","0","0"
"0.25","Group Stage","7.5km","15.9km","32.8km","Iran","Andranik TIMOTIAN","Iran","30.2km/h","0.69","","4","0","1","1","0","1","2"
"0.67","Group Stage","7.3km","13.7km","30.2km","Iran","Pejman MONTAZERI","Iran","31.2km/h","0.74","","6","","","","","",""
"0.75","Group Stage","3.0km","4.8km","12.7km","Iran","Alireza HAGHIGHI","Iran","20.6km/h","0.47","","4","","","","","",""
"0.82","Group Stage","7.8km","15.0km","32.6km","Iran","Javad NEKOUNAM","Iran","27.2km/h","0.7","","11","","","","","",""
"0.83","Group Stage","6.4km","12.5km","28.0km","Iran","Amirhossein SADEGHI","Iran","25.8km/h","0.84","","17","","","","","",""
"1","Group Stage","3.2km","6.8km","14.9km","Iran","Masoud SHOJAEI","Iran","27.6km/h","0.55","","1","1","1","0","0","0","0"
"1","Group Stage","6.9km","13.3km","28.5km","Iran","Ehsan HAJI SAFI","Iran","28.9km/h","0.59","","3","1","2","3","1","2","4"
"1","Group Stage","6.8km","12.9km","27.9km","Iran","Mehrdad POOLADI","Iran","29.2km/h","0.67","","8","","","","","",""
"1","Group Stage","7.9km","13.9km","32.0km","Iran","Reza GHOOCHANNEJAD","Iran","30.1km/h","0.58","0","2","5","4","6","4","2","5"
"1","Group Stage","6.3km","12.5km","27.6km","Iran","Jalal HOSSEINI","Iran","30.2km/h","0.63","","10","2","2","0","0","0","0"
"1","Group Stage","5.5km","8.4km","19.6km","Iran","Khosro HEYDARI","Iran","30.3km/h","0.61","","1","","","","","",""
"","","","","","Italy","Alberto AQUILANI","Italy","","","","","","","","","",""
"","","","","","Italy","Mattia PERIN","Italy","","","","","","","","","",""
"","","1.2km","0.6km","2.4km","Italy","Alessio CERCI","Italy","24.6km/h","0.67","","","","","","","",""
"","Group Stage","4.7km","4.5km","12.2km","Italy","Thiago MOTTA","Italy","24.9km/h","0.9","","","0","1","0","0","0","1"
"","","2.2km","1.2km","4.6km","Italy","Lorenzo INSIGNE","Italy","25.6km/h","0.62","","","0","1","0","0","0","1"
"","","3.0km","2.8km","8.1km","Italy","Marco PAROLO","Italy","28.8km/h","0.6","","","0","0","1","0","1","1"
"","","4.1km","3.4km","11.0km","Italy","Ciro IMMOBILE","Italy","29.4km/h","0.61","","","2","1","1","1","0","0"
"","","2.8km","1.9km","6.5km","Italy","Antonio CASSANO","Italy","29.8km/h","0.59","","","1","1","1","0","1","1"
"","","6.7km","5.2km","15.4km","Italy","Antonio CANDREVA","Italy","30.0km/h","0.67","","","1","3","2","0","2","4"
"","","3.7km","3.0km","9.4km","Italy","Ignazio ABATE","Italy","31.5km/h","0.77","","","","","","","",""
"-","","1.6km","1.6km","4.0km","Italy","Salvatore SIRIGU","Italy","20.6km/h","0.92","","0","","","","","",""
"-","Group Stage","12.9km","10.4km","31.4km","Italy","Andrea PIRLO","Italy","24.1km/h","0.9","","0","0","3","2","0","2","5"
"-","","8.1km","7.7km","20.8km","Italy","Daniele DE ROSSI","Italy","25.2km/h","0.94","","0","","","","","",""
"-","","3.1km","2.9km","9.2km","Italy","Leonardo BONUCCI","Italy","26.1km/h","0.8","","0","","","","","",""
"-","","3.9km","3.2km","10.5km","Italy","Mattia DE SCIGLIO","Italy","26.9km/h","0.65","","0","","","","","",""
"-","","6.9km","5.5km","16.5km","Italy","Marco VERRATTI","Italy","28.7km/h","0.93","","0","","","","","",""
"-","Group Stage","9.0km","6.0km","20.8km","Italy","Mario BALOTELLI","Italy","33.0km/h","0.65","0","0","3","3","4","2","2","4"
"0.25","","3.5km","3.0km","10.5km","Italy","Gianluigi BUFFON","Italy","22.5km/h","0.9","","4","","","","","",""
"0.34","Group Stage","10.7km","8.8km","26.0km","Italy","Claudio MARCHISIO","Italy","27.4km/h","0.78","0","3","0","0","2","0","2","2"
"0.6","","3.4km","3.8km","9.0km","Italy","Gabriel PALETTA","Italy","26.1km/h","0.88","","5","","","","","",""
"0.88","Group Stage","11.5km","10.8km","30.7km","Italy","Giorgio CHIELLINI","Italy","30.3km/h","0.91","","8","1","1","0","0","0","0"
"1","Group Stage","11.1km","10.7km","30.1km","Italy","Andrea BARZAGLI","Italy","29.1km/h","0.9","","3","0","0","1","0","1","1"
"1","Group Stage","12.7km","11.3km","32.1km","Italy","Matteo DARMIAN","Italy","29.1km/h","0.84","","8","1","1","2","1","1","2"
"","","","","","Japan","Gotoku SAKAI","Japan","","","","","","","","","",""
"","","","","","Japan","Hiroki SAKAI","Japan","","","","","","","","","",""
"","","","","","Japan","Manabu SAITO","Japan","","","","","","","","","",""
"","","","","","Japan","Masahiko INOHA","Japan","","","","","","","","","",""
"","","","","","Japan","Shuichi GONDA","Japan","","","","","","","","","",""
"","","","","","Japan","Shusaku NISHIKAWA","Japan","","","","","","","","","",""
"","","0.6km","0.5km","1.3km","Japan","Hiroshi KIYOTAKE","Japan","22.4km/h","0.83","","","","","","","",""
"","","2.7km","4.1km","9.5km","Japan","Masato MORISHIGE","Japan","26.3km/h","0.83","","","","","","","",""
"","","5.0km","4.4km","13.7km","Japan","Yuya OSAKO","Japan","27.4km/h","0.68","","","0","1","2","0","2","3"
"","","1.5km","1.1km","3.5km","Japan","Yoichiro KAKITANI","Japan","28.3km/h","0.5","","","1","0","1","1","0","0"
"-","","2.9km","2.5km","7.3km","Japan","Toshihiro AOYAMA","Japan","25.2km/h","0.63","","0","0","0","1","0","1","1"
"-","Group Stage","9.3km","6.2km","22.3km","Japan","Yoshito OKUBO","Japan","27.4km/h","0.85","","0","5","5","4","1","3","4"
"-","Group Stage","9.6km","8.2km","24.6km","Japan","Shinji KAGAWA","Japan","28.5km/h","0.74","","0","1","4","1","0","1","4"
"-","","3.5km","3.0km","9.4km","Japan","Yasuhito ENDO","Japan","29.1km/h","0.87","","0","0","0","2","0","2","2"
"-","Group Stage","13.2km","11.1km","33.7km","Japan","Yuto NAGATOMO","Japan","31.1km/h","0.72","","1","1","0","2","1","1","1"
"0.5","Group Stage","8.4km","7.6km","22.1km","Japan","Makoto HASEBE","Japan","26.9km/h","0.81","","2","0","1","1","0","1","2"
"0.5","Group Stage","10.1km","9.3km","27.7km","Japan","Shinji OKAZAKI","Japan","30.1km/h","0.6","0","2","2","1","1","1","0","0"
"0.88","Group Stage","10.2km","10.0km","29.2km","Japan","Maya YOSHIDA","Japan","29.2km/h","0.82","","8","2","1","1","1","0","0"
"1","Group Stage","3.3km","3.9km","10.8km","Japan","Eiji KAWASHIMA","Japan","20.5km/h","0.79","","2","","","","","",""
"1","","7.0km","5.7km","18.6km","Japan","Yasuyuki KONNO","Japan","28.5km/h","0.86","","1","0","0","1","0","1","1"
"1","Group Stage","8.6km","8.4km","23.0km","Japan","Hotaru YAMAGUCHI","Japan","29.4km/h","0.9","","3","0","1","1","0","1","2"
"1","Group Stage","11.3km","10.2km","29.8km","Japan","Atsuto UCHIDA","Japan","30.0km/h","0.73","","2","2","2","1","1","0","1"
"1","Group Stage","11.8km","10.3km","31.1km","Japan","Keisuke HONDA","Japan","30.3km/h","0.7","1","2","1","2","9","1","8","10"
"","","","","","Korea Republic","HA Daesung","Korea Republic","","","","","","","","","",""
"","","","","","Korea Republic","KIM Changsoo","Korea Republic","","","","","","","","","",""
"","","","","","Korea Republic","KWAK Taehwi","Korea Republic","","","","","","","","","",""
"","","","","","Korea Republic","LEE Bumyoung","Korea Republic","","","","","","","","","",""
"","","","","","Korea Republic","PARK Jongwoo","Korea Republic","","","","","","","","","",""
"","","","","","Korea Republic","PARK Jooho","Korea Republic","","","","","","","","","",""
"","","0.8km","0.9km","2.3km","Korea Republic","HWANG Seokho","Korea Republic","22.4km/h","0.89","","","","","","","",""
"","","1.9km","1.7km","5.0km","Korea Republic","KIM Bokyung","Korea Republic","23.6km/h","0.87","","","","","","","",""
"","","4.2km","3.5km","11.6km","Korea Republic","KIM Shinwook","Korea Republic","25.2km/h","0.68","","","1","1","1","1","0","1"
"","","2.1km","1.4km","4.9km","Korea Republic","JI Dongwon","Korea Republic","28.5km/h","0.67","","","1","1","1","1","0","1"
"","Group Stage","10.1km","9.6km","27.8km","Korea Republic","SON Heungmin","Korea Republic","28.5km/h","0.64","0","","2","2","3","1","2","3"
"-","","1.2km","1.2km","3.9km","Korea Republic","KIM Seunggyu","Korea Republic","13.7km/h","0.57","","0","","","","","",""
"-","","4.9km","4.4km","13.0km","Korea Republic","PARK Chuyoung","Korea Republic","24.9km/h","0.71","","0","1","0","1","1","0","0"
"-","Group Stage","9.2km","9.8km","27.0km","Korea Republic","HAN Kookyoung","Korea Republic","26.9km/h","0.82","","0","","","","","",""
"-","Group Stage","5.7km","4.7km","15.0km","Korea Republic","LEE Keunho","Korea Republic","28.1km/h","0.63","1","0","6","3","4","3","1","1"
"-","Group Stage","11.0km","10.4km","30.3km","Korea Republic","LEE Chungyong","Korea Republic","29.1km/h","0.77","","0","2","2","1","0","1","1"
"0.34","","2.5km","2.1km","7.4km","Korea Republic","JUNG Sungryong","Korea Republic","13.4km/h","0.58","","3","","","","","",""
"0.67","Group Stage","11.5km","11.6km","32.5km","Korea Republic","KI Sungyueng","Korea Republic","27.9km/h","0.8","","3","1","2","5","1","4","6"
"0.86","Group Stage","8.6km","9.3km","26.1km","Korea Republic","HONG Jeongho","Korea Republic","31.8km/h","0.81","","7","1","0","1","1","0","0"
"1","Group Stage","9.6km","10.0km","28.5km","Korea Republic","KIM Younggwon","Korea Republic","26.2km/h","0.87","","10","1","1","1","0","1","1"
"1","Group Stage","12.7km","11.7km","34.7km","Korea Republic","KOO Jacheol","Korea Republic","28.0km/h","0.76","0","2","3","1","5","3","2","3"
"1","Group Stage","11.8km","11.3km","31.9km","Korea Republic","LEE Yong","Korea Republic","29.4km/h","0.65","","4","1","0","1","1","0","0"
"1","Group Stage","11.1km","11.0km","31.1km","Korea Republic","YUN Sukyoung","Korea Republic","30.5km/h","0.69","","4","","","","","",""
"","","","","","Mexico","Alan PULIDO","Mexico","","","","","","","","","",""
"","","","","","Mexico","Alfredo TALAVERA","Mexico","","","","","","","","","",""
"","","","","","Mexico","Isaac BRIZUELA","Mexico","","","","","","","","","",""
"","","","","","Mexico","Jose CORONA","Mexico","","","","","","","","","",""
"","","","","","Mexico","Miguel PONCE","Mexico","","","","","","","","","",""
"","","0.3km","0.4km","1.1km","Mexico","Raul JIMENEZ","Mexico","23.8km/h","","","","1","0","1","1","0","0"
"","","0.4km","0.8km","1.8km","Mexico","Carlos PENA","Mexico","26.3km/h","1","","","","","","","",""
"","Knockout Round","3.3km","3.1km","10.3km","Mexico","Javier HERNANDEZ","Mexico","30.9km/h","0.57","0","","3","2","1","1","0","0"
"","Group Stage","2.1km","2.3km","6.3km","Mexico","Marco FABIAN","Mexico","31.8km/h","0.82","","","0","0","1","0","1","1"
"-","","1.3km","1.6km","4.3km","Mexico","Javier AQUINO","Mexico","27.6km/h","0.77","","0","0","0","1","0","1","1"
"-","Knockout Round","11.3km","10.6km","31.4km","Mexico","Giovani DOS SANTOS","Mexico","32.5km/h","0.77","0","0","2","0","6","2","4","4"
"0.2","Knockout Round","12.8km","14.4km","39.7km","Mexico","Paul AGUILAR","Mexico","31.1km/h","0.68","","5","1","0","1","1","0","0"
"0.34","Knockout Round","13.9km","15.1km","41.5km","Mexico","Andres GUARDADO","Mexico","30.9km/h","0.72","0","3","2","3","3","2","1","4"
"0.77","Knockout Round","11.5km","13.5km","37.4km","Mexico","Rafael MARQUEZ","Mexico","28.9km/h","0.79","1","13","3","2","1","1","0","0"
"0.8","Knockout Round","14.9km","15.5km","44.2km","Mexico","Hector HERRERA","Mexico","29.6km/h","0.72","","5","2","6","1","1","0","5"
"0.8","Knockout Round","13.5km","15.4km","41.5km","Mexico","Miguel LAYUN","Mexico","29.8km/h","0.67","","5","0","5","2","0","2","7"
"0.84","Knockout Round","4.6km","5.1km","16.2km","Mexico","Guillermo OCHOA","Mexico","22.5km/h","0.71","","6","","","","","",""
"0.84","","1.3km","2.0km","5.0km","Mexico","Diego REYES","Mexico","24.5km/h","0.83","","6","","","","","",""
"0.88","Knockout Round","10.2km","11.8km","32.3km","Mexico","Hector MORENO","Mexico","29.4km/h","0.76","","8","","","","","",""
"0.91","Knockout Round","12.0km","13.5km","38.3km","Mexico","Francisco RODRIGUEZ","Mexico","27.4km/h","0.78","","11","","","","","",""
"1","","3.6km","5.1km","11.9km","Mexico","Carlos SALCIDO","Mexico","25.4km/h","0.78","","1","0","1","1","0","1","2"
"1","Group Stage","9.9km","11.4km","31.0km","Mexico","Jose VAZQUEZ","Mexico","28.1km/h","0.91","","1","0","3","0","0","0","3"
"1","Knockout Round","10.4km","10.0km","30.9km","Mexico","Oribe PERALTA","Mexico","28.2km/h","0.71","1","2","4","2","3","2","1","1"
"","","0.0km","0.0km","0.1km","Netherlands","Michel VORM","Netherlands","11.3km/h","1","","","","","","","",""
"","","0.0km","0.0km","0.1km","Netherlands","Tim KRUL","Netherlands","17.7km/h","","","","","","","","",""
"","","0.1km","0.2km","0.6km","Netherlands","Terence KONGOLO","Netherlands","27.2km/h","","","","","","","","",""
"","Group Stage","9.9km","11.2km","28.5km","Netherlands","Jonathan DE GUZMAN","Netherlands","28.7km/h","0.78","","","0","1","0","0","0","1"
"-","","2.5km","2.6km","6.7km","Netherlands","Paul VERHAEGH","Netherlands","23.9km/h","0.84","","0","","","","","",""
"-","Group Stage","2.9km","2.0km","7.4km","Netherlands","Klaas Jan HUNTELAAR","Netherlands","27.2km/h","0.83","1","0","1","0","1","1","0","0"
"-","Semi Finals","27.3km","24.7km","69.6km","Netherlands","Wesley SNEIJDER","Netherlands","30.2km/h","0.72","1","0","4","6","12","3","9","14"
"-","Knockout Round","5.1km","4.7km","14.6km","Netherlands","Jeremain LENS","Netherlands","30.3km/h","0.56","","0","1","1","3","1","2","3"
"-","Top 4","31.0km","25.8km","79.3km","Netherlands","Arjen ROBBEN","Netherlands","32.2km/h","0.7","1","0","14","1","19","13","6","6"
"0.5","Semi Finals","24.9km","18.8km","62.3km","Netherlands","Robin VAN PERSIE","Netherlands","30.2km/h","0.59","0","6","11","3","13","8","5","5"
"0.67","Semi Finals","17.4km","19.7km","50.4km","Netherlands","Bruno MARTINS INDI","Netherlands","30.3km/h","0.89","","3","","","","","",""
"0.75","Quarter Finals","12.8km","15.0km","38.7km","Netherlands","Nigel DE JONG","Netherlands","28.5km/h","0.84","","4","1","0","2","1","1","1"
"0.87","Top 4","25.2km","28.5km","74.6km","Netherlands","Ron VLAAR","Netherlands","33.0km/h","0.83","","29","4","3","1","1","0","0"
"0.88","Top 4","27.5km","28.2km","75.7km","Netherlands","Daley BLIND","Netherlands","27.5km/h","0.82","2","8","1","2","1","1","0","2"
"0.88","Quarter Finals","20.7km","20.4km","58.9km","Netherlands","Dirk KUYT","Netherlands","29.9km/h","0.71","","8","3","2","2","1","1","1"
"0.92","Top 4","23.9km","27.6km","71.5km","Netherlands","Stefan DE VRIJ","Netherlands","28.5km/h","0.82","0","12","4","3","2","2","0","1"
"1","","0.5km","0.8km","2.0km","Netherlands","Leroy FER","Netherlands","22.0km/h","1","0","2","1","0","1","1","0","0"
"1","Top 4","13.5km","12.4km","37.1km","Netherlands","Jasper CILLESSEN","Netherlands","22.3km/h","0.7","","5","","","","","",""
"1","","5.6km","6.6km","16.4km","Netherlands","Jordy CLASIE","Netherlands","24.1km/h","0.86","","2","0","1","0","0","0","1"
"1","","0.9km","0.9km","2.6km","Netherlands","Joel VELTMAN","Netherlands","27.2km/h","0.71","","1","","","","","",""
"1","Top 4","23.4km","23.3km","64.9km","Netherlands","Georginio WIJNALDUM","Netherlands","28.7km/h","0.84","0","5","3","2","2","2","0","1"
"1","Quarter Finals","15.9km","17.1km","44.8km","Netherlands","Daryl JANMAAT","Netherlands","30.0km/h","0.75","","6","","","","","",""
"1","Knockout Round","8.1km","5.7km","19.6km","Netherlands","Memphis DEPAY","Netherlands","30.7km/h","0.71","1","1","2","1","5","2","3","4"
"","","","","","Nigeria","Austine EJIDE","Nigeria","","","","","","","","","",""
"","","","","","Nigeria","Azubuike EGWUEKWE","Nigeria","","","","","","","","","",""
"","","","","","Nigeria","Chigozie AGBIM","Nigeria","","","","","","","","","",""
"","","","","","Nigeria","Ebenezer ODUNLAMI","Nigeria","","","","","","","","","",""
"","","1.3km","1.4km","3.9km","Nigeria","Ruben GABRIEL","Nigeria","23.1km/h","1","","","","","","","",""
"","","0.9km","0.6km","2.1km","Nigeria","Uche NWOFOR","Nigeria","23.8km/h","0.83","","","","","","","",""
"","","1.2km","0.7km","2.6km","Nigeria","Godfrey OBOABONA","Nigeria","25.2km/h","0.96","","","","","","","",""
"","","4.1km","2.3km","9.1km","Nigeria","Ramon AZEEZ","Nigeria","25.7km/h","0.77","","","","","","","",""
"-","","0.8km","0.9km","2.3km","Nigeria","Ejike UZOENYI","Nigeria","23.3km/h","","","0","0","1","0","0","0","1"
"-","","2.9km","2.3km","7.7km","Nigeria","Shola AMEOBI","Nigeria","24.9km/h","0.67","","0","1","0","2","1","1","1"
"-","","1.5km","1.4km","3.8km","Nigeria","Okechukwu UCHEBO","Nigeria","26.1km/h","0.64","","0","0","0","1","0","1","1"
"-","","6.0km","7.8km","17.5km","Nigeria","Michael BABATUNDE","Nigeria","26.5km/h","0.66","","0","0","0","2","0","2","2"
"-","Knockout Round","12.6km","12.5km","34.2km","Nigeria","Ahmed MUSA","Nigeria","31.2km/h","0.45","0","0","3","1","7","3","4","5"
"0.74","Knockout Round","13.4km","14.2km","38.2km","Nigeria","Efe AMBROSE","Nigeria","30.1km/h","0.77","","15","1","1","0","0","0","0"
"0.84","Knockout Round","9.8km","11.6km","30.9km","Nigeria","Joseph YOBO","Nigeria","28.3km/h","0.87","","18","","","","","",""
"0.84","Knockout Round","11.3km","12.2km","33.1km","Nigeria","Peter ODEMWINGIE","Nigeria","31.6km/h","0.75","0","6","2","2","5","2","3","5"
"1","Knockout Round","3.7km","4.8km","12.7km","Nigeria","Vincent ENYEAMA","Nigeria","20.3km/h","0.65","","3","","","","","",""
"1","Knockout Round","14.0km","14.1km","38.1km","Nigeria","Juwon OSHANIWA","Nigeria","28.1km/h","0.71","","5","","","","","",""
"1","Knockout Round","13.9km","14.6km","39.5km","Nigeria","John Obi MIKEL","Nigeria","28.5km/h","0.77","","6","1","1","2","1","1","2"
"1","Knockout Round","11.8km","13.9km","35.7km","Nigeria","Kenneth OMERUO","Nigeria","30.7km/h","0.8","","14","","","","","",""
"1","Knockout Round","14.3km","12.6km","38.5km","Nigeria","Emmanuel EMENIKE","Nigeria","30.9km/h","0.56","","1","4","6","5","3","2","7"
"1","Knockout Round","12.8km","14.5km","36.5km","Nigeria","Ogenyi ONAZI","Nigeria","30.9km/h","0.81","","2","2","6","6","0","6","10"
"1","","6.4km","4.4km","15.8km","Nigeria","Victor MOSES","Nigeria","31.4km/h","0.63","","1","1","0","2","1","1","1"
"","","","","","Portugal","Luis NETO","Portugal","","","","","","","","","",""
"","","","","","Portugal","RAFA","Portugal","","","","","","","","","",""
"","","0.9km","0.5km","1.9km","Portugal","Helder POSTIGA","Portugal","21.2km/h","1","","","","","","","",""
"","","0.9km","1.2km","2.9km","Portugal","Hugo ALMEIDA","Portugal","24.5km/h","0.67","","","1","0","1","1","0","0"
"","","1.2km","1.1km","3.1km","Portugal","VIEIRINHA","Portugal","26.1km/h","0.53","","","","","","","",""
"","","2.8km","2.0km","6.9km","Portugal","VARELA","Portugal","27.4km/h","0.74","0","","2","1","2","2","0","1"
"","","4.2km","3.8km","11.3km","Portugal","Ruben AMORIM","Portugal","27.8km/h","0.74","","","1","1","0","0","0","0"
"","Group Stage","8.7km","7.8km","22.9km","Portugal","EDER","Portugal","31.4km/h","0.82","","","5","5","2","1","1","2"
"-","","1.9km","2.1km","5.6km","Portugal","Rui PATRICIO","Portugal","21.7km/h","0.69","","0","","","","","",""
"-","","5.8km","6.1km","16.5km","Portugal","WILLIAM","Portugal","25.8km/h","0.86","","0","","","","","",""
"-","Group Stage","11.5km","12.2km","32.9km","Portugal","Joao MOUTINHO","Portugal","27.0km/h","0.85","","1","0","2","0","0","0","2"
"-","","4.6km","5.8km","14.1km","Portugal","Ricardo COSTA","Portugal","27.2km/h","0.89","","2","","","","","",""
"-","","1.1km","0.7km","2.8km","Portugal","EDUARDO","Portugal","29.1km/h","0.89","","0","1","0","1","1","0","0"
"-","","6.5km","7.7km","18.8km","Portugal","Raul MEIRELES","Portugal","29.6km/h","0.83","","0","2","1","1","1","0","0"
"-","Group Stage","11.2km","9.1km","28.2km","Portugal","CRISTIANO RONALDO","Portugal","31.2km/h","0.73","1","0","9","9","14","5","9","14"
"-","","3.2km","3.3km","8.2km","Portugal","Andre ALMEIDA","Portugal","31.6km/h","0.84","","1","","","","","",""
"-","","2.2km","2.8km","6.7km","Portugal","Fabio COENTRAO","Portugal","32.2km/h","0.83","","0","","","","","",""
"0.5","Group Stage","10.0km","11.4km","29.4km","Portugal","Bruno ALVES","Portugal","27.8km/h","0.84","","6","","","","","",""
"1","","3.7km","3.9km","11.2km","Portugal","BETO","Portugal","25.9km/h","0.78","","4","","","","","",""
"1","Group Stage","10.5km","11.0km","28.4km","Portugal","Joao PEREIRA","Portugal","26.9km/h","0.78","","1","","","","","",""
"1","","4.7km","5.2km","14.4km","Portugal","PEPE","Portugal","27.7km/h","0.79","","3","","","","","",""
"1","Group Stage","12.5km","11.4km","32.3km","Portugal","NANI","Portugal","29.8km/h","0.65","0","1","3","6","6","2","4","9"
"1","Group Stage","9.5km","10.3km","26.9km","Portugal","Miguel VELOSO","Portugal","30.1km/h","0.77","","1","0","0","2","0","2","2"
"","","","","","Russia","Alexey IONOV","Russia","","","","","","","","","",""
"","","","","","Russia","Andrey SEMENOV","Russia","","","","","","","","","",""
"","","","","","Russia","Georgy SHCHENNIKOV","Russia","","","","","","","","","",""
"","","","","","Russia","Pavel MOGILEVETC","Russia","","","","","","","","","",""
"","","","","","Russia","Sergey RYZHIKOV","Russia","","","","","","","","","",""
"","","","","","Russia","Vladimir GRANAT","Russia","","","","","","","","","",""
"","","","","","Russia","Yury LODYGIN","Russia","","","","","","","","","",""
"","Group Stage","3.8km","3.0km","9.5km","Russia","Alan DZAGOEV","Russia","27.2km/h","0.76","","","1","1","1","1","0","1"
"","","2.8km","3.3km","8.4km","Russia","Yury ZHIRKOV","Russia","28.7km/h","0.69","","","0","1","0","0","0","1"
"-","","3.2km","2.9km","8.4km","Russia","Igor DENISOV","Russia","23.9km/h","0.93","","0","0","0","2","0","2","2"
"-","Group Stage","10.5km","10.6km","27.7km","Russia","Oleg SHATOV","Russia","28.9km/h","0.76","","1","0","1","1","0","1","2"
"-","Group Stage","4.5km","4.2km","12.0km","Russia","Aleksandr KERZHAKOV","Russia","29.6km/h","0.35","0","0","3","1","3","3","0","1"
"-","Group Stage","12.5km","12.2km","33.3km","Russia","Alexander SAMEDOV","Russia","29.8km/h","0.63","","0","2","1","1","1","0","0"
"0.5","","5.3km","5.7km","14.8km","Russia","Andrey ESHCHENKO","Russia","29.2km/h","0.78","","2","0","1","2","0","2","3"
"0.75","Group Stage","10.6km","11.2km","30.3km","Russia","Sergey IGNASHEVICH","Russia","28.0km/h","0.76","","4","1","1","1","0","1","1"
"1","Group Stage","3.5km","3.3km","10.1km","Russia","Igor AKINFEEV","Russia","24.2km/h","0.68","","5","","","","","",""
"1","Group Stage","11.0km","11.6km","31.8km","Russia","Vasily BEREZUTSKIY","Russia","28.5km/h","0.82","","5","1","1","0","0","0","0"
"1","Group Stage","13.3km","12.7km","35.3km","Russia","Alexander KOKORIN","Russia","29.0km/h","0.7","0","1","6","5","3","1","2","2"
"1","Group Stage","13.5km","13.3km","35.8km","Russia","Victor FAYZULIN","Russia","29.1km/h","0.81","","2","1","1","3","0","3","3"
"1","Group Stage","9.1km","9.9km","25.8km","Russia","Denis GLUSHAKOV","Russia","29.2km/h","0.74","","1","1","2","2","0","2","3"
"1","","7.0km","7.2km","18.6km","Russia","Aleksei KOZLOV","Russia","29.4km/h","0.7","","3","","","","","",""
"1","Group Stage","11.9km","11.8km","32.8km","Russia","Dmitry KOMBAROV","Russia","30.2km/h","0.64","","6","1","0","2","1","1","1"
"1","","4.9km","4.7km","13.1km","Russia","Maksim KANUNNIKOV","Russia","31.1km/h","0.65","","2","1","0","2","1","1","1"
"","","","","","Spain","David DE GEA","Spain","","","","","","","","","",""
"","","2.1km","1.6km","4.8km","Spain","Pepe REINA","Spain","19.2km/h","0.79","","","","","","","",""
"","","4.7km","3.6km","11.1km","Spain","Xavi HERNANDEZ","Spain","23.1km/h","0.94","","","","","","","",""
"","","5.9km","3.5km","12.9km","Spain","Diego COSTA","Spain","25.4km/h","0.73","","","4","2","2","2","0","0"
"","Group Stage","13.3km","9.6km","30.5km","Spain","Andres INIESTA","Spain","25.6km/h","0.82","","","0","1","3","0","3","4"
"","Group Stage","7.1km","5.5km","17.2km","Spain","Fernando TORRES","Spain","30.3km/h","0.58","0","","2","0","2","2","0","0"
"","Group Stage","13.7km","10.4km","31.8km","Spain","Jordi ALBA","Spain","31.6km/h","0.82","","","2","2","1","1","0","1"
"-","","4.6km","3.5km","10.6km","Spain","Santi CAZORLA","Spain","26.3km/h","0.85","","0","1","0","3","1","2","2"
"-","Group Stage","10.3km","7.6km","23.4km","Spain","Xabi ALONSO","Spain","27.1km/h","0.86","0","1","3","1","2","2","0","0"
"-","","8.6km","6.7km","20.6km","Spain","Sergio BUSQUETS","Spain","28.9km/h","0.91","","0","1","1","0","0","0","0"
"-","","5.1km","3.5km","11.9km","Spain","Pedro RODRIGUEZ","Spain","29.4km/h","0.61","","0","1","0","1","1","0","0"
"-","","2.1km","1.3km","4.5km","Spain","Juan MATA","Spain","31.1km/h","0.91","0","0","2","0","2","2","0","0"
"-","","2.6km","1.8km","5.8km","Spain","David VILLA","Spain","31.2km/h","0.65","0","0","1","0","1","1","0","0"
"-","","8.2km","6.4km","19.4km","Spain","Cesar AZPILICUETA","Spain","31.6km/h","0.78","","1","","","","","",""
"0.5","","3.3km","3.3km","9.2km","Spain","Gerard PIQUE","Spain","26.5km/h","0.84","","2","","","","","",""
"0.8","Group Stage","12.1km","9.9km","29.7km","Spain","Sergio RAMOS","Spain","29.4km/h","0.84","","5","3","3","3","2","1","3"
"1","","2.2km","2.3km","6.2km","Spain","Iker CASILLAS","Spain","23.9km/h","0.83","","2","","","","","",""
"1","","4.3km","3.4km","10.0km","Spain","Raul ALBIOL","Spain","23.9km/h","0.76","","2","","","","","",""
"1","Group Stage","9.6km","6.3km","21.2km","Spain","David SILVA","Spain","28.3km/h","0.82","","1","1","1","2","1","1","2"
"1","","8.2km","6.5km","19.0km","Spain","KOKE","Spain","29.2km/h","0.89","","1","1","1","1","1","0","1"
"1","","4.8km","3.4km","10.6km","Spain","JUANFRAN","Spain","29.6km/h","0.69","","2","","","","","",""
"1","","2.5km","1.7km","5.4km","Spain","Cesc FABREGAS","Spain","29.8km/h","0.82","","1","","","","","",""
"1","","4.0km","2.8km","9.5km","Spain","Javi MARTINEZ","Spain","31.6km/h","0.92","","3","","","","","",""
"","","","","","Switzerland","Mario GAVRANOVIC","Switzerland","","","","","","","","","",""
"","","","","","Switzerland","Reto ZIEGLER","Switzerland","","","","","","","","","",""
"","","","","","Switzerland","Roman BUERKI","Switzerland","","","","","","","","","",""
"","","","","","Switzerland","Tranquillo BARNETTA","Switzerland","","","","","","","","","",""
"","","","","","Switzerland","Yann SOMMER","Switzerland","","","","","","","","","",""
"","","2.4km","1.7km","5.7km","Switzerland","Valentin STOCKER","Switzerland","22.7km/h","0.75","","","1","1","0","0","0","0"
"","","0.7km","1.0km","2.1km","Switzerland","Michael LANG","Switzerland","25.0km/h","0.57","","","","","","","",""
"","","3.7km","3.4km","9.8km","Switzerland","Steve VON BERGEN","Switzerland","30.5km/h","0.73","","","","","","","",""
"","Knockout Round","10.0km","10.2km","29.1km","Switzerland","Josip DRMIC","Switzerland","31.2km/h","0.69","","","4","1","4","3","1","1"
"-","Knockout Round","14.4km","14.9km","40.6km","Switzerland","Granit XHAKA","Switzerland","27.9km/h","0.78","0","0","5","5","6","3","3","6"
"-","Knockout Round","15.8km","16.4km","45.8km","Switzerland","Xherdan SHAQIRI","Switzerland","28.9km/h","0.75","0","1","6","5","16","4","12","15"
"-","Knockout Round","13.4km","15.5km","40.3km","Switzerland","Admir MEHMEDI","Switzerland","31.6km/h","0.68","0","1","4","1","4","3","1","1"
"0.5","Knockout Round","16.0km","17.7km","46.1km","Switzerland","Stephan LICHTSTEINER","Switzerland","29.8km/h","0.76","","4","0","1","1","0","1","2"
"0.58","Knockout Round","12.2km","15.1km","38.5km","Switzerland","Johan DJOUROU","Switzerland","29.8km/h","0.89","","21","","","","","",""
"0.67","Knockout Round","6.9km","7.8km","22.0km","Switzerland","Diego BENAGLIO","Switzerland","23.9km/h","0.58","","6","","","","","",""
"0.72","Knockout Round","14.0km","16.5km","41.3km","Switzerland","Ricardo RODRIGUEZ","Switzerland","30.5km/h","0.76","","14","0","1","2","0","2","3"
"0.84","Knockout Round","15.9km","18.1km","47.1km","Switzerland","Gokhan INLER","Switzerland","28.5km/h","0.8","","6","0","4","3","0","3","7"
"0.89","","5.6km","8.9km","20.9km","Switzerland","Fabian SCHAER","Switzerland","29.2km/h","0.66","","18","1","1","0","0","0","0"
"1","","3.1km","2.7km","8.3km","Switzerland","Philippe SENDEROS","Switzerland","25.5km/h","0.89","","1","","","","","",""
"1","Group Stage","2.6km","2.1km","7.0km","Switzerland","Blerim DZEMAILI","Switzerland","28.3km/h","0.86","0","1","2","3","1","0","1","2"
"1","","2.4km","3.3km","8.1km","Switzerland","Gelson FERNANDES","Switzerland","28.5km/h","0.77","","1","","","","","",""
"1","Knockout Round","6.8km","6.3km","18.5km","Switzerland","Haris SEFEROVIC","Switzerland","30.9km/h","0.8","0","2","2","2","2","1","1","2"
"1","Knockout Round","12.7km","17.8km","41.8km","Switzerland","Valon BEHRAMI","Switzerland","31.2km/h","0.82","","1","1","0","1","1","0","0"
"","","","","","Uruguay","Diego PEREZ","Uruguay","","","","","","","","","",""
"","","","","","Uruguay","Martin SILVA","Uruguay","","","","","","","","","",""
"","","","","","Uruguay","Rodrigo MUNOZ","Uruguay","","","","","","","","","",""
"","","0.4km","0.6km","1.7km","Uruguay","Jorge FUCILE","Uruguay","24.6km/h","0.5","","","","","","","",""
"","","2.1km","2.2km","6.7km","Uruguay","Walter GARGANO","Uruguay","26.7km/h","0.8","","","","","","","",""
"","","4.0km","4.6km","13.1km","Uruguay","Diego FORLAN","Uruguay","27.4km/h","0.68","","","2","3","1","1","0","2"
"","","1.4km","0.9km","4.6km","Uruguay","Abel HERNANDEZ","Uruguay","27.9km/h","0.67","","","","","","","",""
"-","Knockout Round","7.2km","7.0km","22.9km","Uruguay","Cristhian STUANI","Uruguay","27.9km/h","0.64","","1","2","1","1","1","0","0"
"-","","2.7km","2.4km","7.9km","Uruguay","Gaston RAMIREZ","Uruguay","31.4km/h","0.77","","0","0","0","1","0","1","1"
"-","","0.2km","0.3km","0.8km","Uruguay","Sebastian COATES","Uruguay","31.6km/h","0.67","","0","","","","","",""
"0.5","Group Stage","6.0km","7.7km","20.4km","Uruguay","Nicolas LODEIRO","Uruguay","26.7km/h","0.69","","2","0","0","1","0","1","1"
"0.67","Knockout Round","9.4km","12.9km","36.2km","Uruguay","Diego GODIN","Uruguay","30.9km/h","0.78","0","12","2","1","1","1","0","0"
"0.72","Knockout Round","11.2km","13.7km","38.8km","Uruguay","Martin CACERES","Uruguay","30.9km/h","0.77","","7","0","2","2","0","2","4"
"0.84","Knockout Round","11.1km","15.1km","39.8km","Uruguay","Egidio AREVALO","Uruguay","27.8km/h","0.84","","6","0","0","2","0","2","2"
"0.86","Group Stage","6.9km","10.4km","27.3km","Uruguay","Jose GIMENEZ","Uruguay","31.1km/h","0.66","","7","1","1","0","0","0","0"
"0.86","Knockout Round","10.3km","12.9km","36.6km","Uruguay","Cristian RODRIGUEZ","Uruguay","32.0km/h","0.69","","7","3","2","2","1","1","1"
"1","Knockout Round","3.1km","4.0km","12.8km","Uruguay","Fernando MUSLERA","Uruguay","20.7km/h","0.6","","1","","","","","",""
"1","","2.6km","2.6km","9.0km","Uruguay","Diego LUGANO","Uruguay","22.7km/h","0.79","","2","","","","","",""
"1","Group Stage","8.7km","8.9km","26.8km","Uruguay","Maximiliano PEREIRA","Uruguay","27.4km/h","0.7","","2","1","0","1","1","0","0"
"1","","5.3km","6.3km","18.1km","Uruguay","Luis SUAREZ","Uruguay","28.7km/h","0.47","0","1","4","3","9","4","5","8"
"1","Knockout Round","9.5km","12.5km","32.1km","Uruguay","Alvaro GONZALEZ","Uruguay","29.4km/h","0.73","","3","0","0","3","0","3","3"
"1","Knockout Round","12.1km","15.3km","42.7km","Uruguay","Edinson CAVANI","Uruguay","31.0km/h","0.75","1","2","7","7","5","2","3","5"
"1","Group Stage","5.4km","8.6km","21.4km","Uruguay","Alvaro PEREIRA","Uruguay","33.1km/h","0.58","","5","","","","","",""
"","","","","","USA","Brad GUZAN","USA","","","","","","","","","",""
"","","","","","USA","Mix DISKERUD","USA","","","","","","","","","",""
"","","","","","USA","Nick RIMANDO","USA","","","","","","","","","",""
"","","","","","USA","Timmy CHANDLER","USA","","","","","","","","","",""
"","","0.7km","0.9km","2.4km","USA","Jozy ALTIDORE","USA","23.5km/h","0.43","","","1","0","1","1","0","0"
"","","1.0km","0.6km","2.1km","USA","Julian GREEN","USA","24.1km/h","0.8","0","","1","0","1","1","0","0"
"","","2.6km","3.5km","9.1km","USA","Aron JOHANNSSON","USA","26.5km/h","0.8","","","0","0","1","0","1","1"
"-","","3.1km","2.4km","8.0km","USA","Chris WONDOLOWSKI","USA","24.1km/h","0.82","","0","1","1","0","0","0","0"
"-","","2.4km","3.5km","7.7km","USA","Brad DAVIS","USA","28.3km/h","0.79","","0","","","","","",""
"-","Group Stage","5.3km","5.8km","15.4km","USA","DeAndre YEDLIN","USA","31.6km/h","0.73","","0","","","","","",""
"-","Knockout Round","11.9km","15.1km","37.8km","USA","Alejandro BEDOYA","USA","32.3km/h","0.76","","1","1","1","2","1","1","2"
"0.25","Knockout Round","15.1km","18.9km","47.6km","USA","Jermaine JONES","USA","31.6km/h","0.65","0","4","2","4","6","0","6","8"
"0.5","Knockout Round","11.3km","15.5km","37.9km","USA","Matt BESLER","USA","29.1km/h","0.84","","12","","","","","",""
"0.67","Group Stage","11.4km","13.3km","35.6km","USA","Geoff CAMERON","USA","27.6km/h","0.7","","6","","","","","",""
"0.75","Knockout Round","10.6km","15.0km","34.9km","USA","Fabian JOHNSON","USA","33.0km/h","0.72","","4","1","1","1","1","0","1"
"0.84","Group Stage","9.6km","14.9km","33.4km","USA","Kyle BECKERMAN","USA","26.3km/h","0.89","","6","0","0","1","0","1","1"
"0.86","Knockout Round","15.3km","16.1km","45.4km","USA","Clint DEMPSEY","USA","28.8km/h","0.74","0","7","8","3","9","6","3","4"
"0.92","Group Stage","7.6km","10.4km","24.6km","USA","Omar GONZALEZ","USA","26.8km/h","0.77","","12","","","","","",""
"1","Knockout Round","5.1km","6.9km","18.6km","USA","Tim HOWARD","USA","25.7km/h","0.8","","6","","","","","",""
"1","","1.4km","2.0km","5.0km","USA","John BROOKS","USA","26.9km/h","0.58","0","1","1","0","1","1","0","0"
"1","Knockout Round","11.4km","13.8km","33.7km","USA","Graham ZUSI","USA","30.1km/h","0.68","","2","1","1","1","1","0","1"
"1","Knockout Round","13.0km","18.5km","42.8km","USA","DaMarcus BEASLEY","USA","30.2km/h","0.77","","6","0","1","0","0","0","1"
"1","Knockout Round","19.0km","21.2km","54.7km","USA","Michael BRADLEY","USA","30.9km/h","0.83","","2","2","2","3","2","1","3"
